Date,Close/Last,Volume,Open,High,Low
01/30/2026,444.95,86593520,466.245,470.06,430.80
01/29/2026,495.90,69970860,509.51,509.70,468.51
01/28/2026,494.56,44154580,483.39,495.88,481.2501
01/27/2026,476.10,28386220,465.07,476.49,463.95
01/26/2026,464.70,34155970,466.78,469.28,460.36
01/23/2026,458.00,21531870,454.11,458.75,453.45
01/22/2026,451.79,19251190,443.84,452.9841,443.56
01/21/2026,443.60,38830230,446.87,447.9999,437.11
01/20/2026,437.23,21308140,436.69,438.1399,434.10
01/16/2026,421.29,20951570,422.80,424.80,417.04
01/15/2026,423.33,14253250,423.02,425.06,422.79
01/14/2026,425.94,18305540,426.03,426.86,422.8398
01/13/2026,421.63,16681220,424.59,426.12,420.07
01/12/2026,422.23,20904130,421.52,425.74,421.52
01/09/2026,414.47,14011240,413.215,415.29,411.80
01/08/2026,411.49,8705926,406.965,411.64,406.40
01/07/2026,409.23,10589450,408.63,410.81,406.65
01/06/2026,413.18,11640910,410.67,413.48,410.31
01/05/2026,408.76,13410640,406.39,409.72,406.15
01/02/2026,398.28,10372570,401.62,401.82,396.25
12/31/2025,396.31,10194740,398.60,400.13,395.59
12/30/2025,398.89,10179030,403.60,403.80,398.56
12/29/2025,398.60,20679240,403.66,403.76,395.33
12/26/2025,416.74,10476230,416.48,418.45,414.75
12/24/2025,411.93,6718437,412.25,412.63,408.83
12/23/2025,413.64,13193260,410.30,413.76,407.10
12/22/2025,408.23,14202070,406.98,408.52,405.72
12/19/2025,399.02,9894767,397.92,400.63,397.17
12/18/2025,398.57,11837550,398.28,402.21,396.05
12/17/2025,399.29,10456890,398.08,399.98,397.25
12/16/2025,395.89,9201557,397.75,398.71,394.59
12/15/2025,395.80,11345030,397.76,398.71,394.0738
12/12/2025,395.44,16792060,399.155,400.39,391.47
12/11/2025,393.24,11240630,389.02,394.09,388.50
12/10/2025,389.05,9120475,385.95,389.76,384.50
12/09/2025,387.40,6358694,385.62,388.21,385.27
12/08/2025,385.42,6822119,387.02,387.2418,384.01
12/05/2025,386.44,9449808,389.12,391.735,386.175
12/04/2025,387.13,6754434,386.92,388.00,385.40
12/03/2025,386.88,7886793,388.46,390.1293,385.83
12/02/2025,387.24,8103923,388.87,388.98,382.9103
12/01/2025,389.75,11177070,390.61,390.7001,388.0605
11/28/2025,387.88,7175407,385.98,388.00,384.99
11/26/2025,383.12,9184071,381.055,383.775,380.46
11/25/2025,380.08,10462810,380.255,382.52,378.06
11/24/2025,380.20,10085320,374.88,380.28,374.19
11/21/2025,374.27,13194560,374.025,377.23,372.94
11/20/2025,374.85,10506550,375.29,377.6925,371.8514
11/19/2025,374.96,10980420,377.775,380.17,373.03
11/18/2025,374.35,7818783,374.832,375.54,371.62
11/17/2025,371.65,13295250,374.035,375.4553,368.52
11/14/2025,375.96,15198030,372.87,378.20,370.89
11/13/2025,382.87,15867870,387.29,388.18,381.21
11/12/2025,385.99,16203720,380.07,387.46,379.44
11/11/2025,379.87,10753180,379.98,380.40,376.87
11/10/2025,378.38,13456210,375.93,378.66,374.7814
11/07/2025,368.31,11060360,367.94,370.42,366.42
11/06/2025,366.07,6891096,367.16,368.18,364.70
11/05/2025,366.51,8357300,366.39,367.10,364.65
11/04/2025,362.32,11540060,363.48,365.74,361.39
11/03/2025,368.78,7254265,368.91,370.84,367.54
10/31/2025,368.12,11077910,370.47,370.6625,365.50
10/30/2025,370.13,14812750,365.09,370.36,364.50
10/29/2025,363.00,18891850,369.65,370.08,361.3601
10/28/2025,364.38,19257590,361.81,365.30,360.12
10/27/2025,367.01,23657600,371.13,371.59,365.34
10/24/2025,377.52,13263800,378.51,380.77,376.81
10/23/2025,378.79,13695500,381.46,382.25,378.65
10/22/2025,377.28,30524130,372.75,378.47,368.93
10/21/2025,377.24,54101420,386.54,388.89,375.65
10/20/2025,403.15,34523020,397.45,403.30,394.20
10/17/2025,388.99,62024970,397.14,397.28,385.22
10/16/2025,396.45,33621440,391.15,396.87,390.40
10/15/2025,387.39,20598320,385.93,387.755,384.59
10/14/2025,380.79,18409630,378.21,382.38,377.90
10/13/2025,378.09,18514420,376.50,378.86,375.5797
10/10/2025,369.12,24192780,367.54,370.31,365.44
10/09/2025,365.43,33674820,373.135,373.22,362.83
10/08/2025,372.30,28052280,371.65,373.57,370.50
10/07/2025,366.26,16836770,366.508,367.27,364.55
10/06/2025,364.38,17093660,362.16,365.30,361.37
10/03/2025,357.64,14463960,357.12,358.14,355.80
10/02/2025,354.79,16162050,358.26,358.67,351.40
10/01/2025,356.03,15573610,356.17,356.9722,354.79
09/30/2025,355.47,13312350,351.13,355.57,350.865
09/29/2025,352.46,15719620,351.79,352.8305,351.28
09/26/2025,346.74,11698210,345.83,348.25,345.314
09/25/2025,344.75,12639580,344.39,345.83,342.47
09/24/2025,343.32,12709070,346.70,346.8299,342.14
09/23/2025,346.46,18383980,348.23,348.75,345.32
09/22/2025,345.05,12386420,342.75,345.07,341.84
09/19/2025,339.18,14982570,336.51,339.23,336.3119
09/18/2025,335.62,14913270,336.22,336.32,333.81
09/17/2025,336.97,16535310,338.53,341.24,335.52
09/16/2025,339.59,12161530,340.09,340.88,338.62
09/15/2025,338.91,10569880,336.31,339.28,336.23
09/12/2025,335.42,9619709,335.88,336.39,335.23
09/11/2025,334.76,9082647,333.37,335.1619,332.97
09/10/2025,335.26,11945670,335.73,336.50,326.19
09/09/2025,334.06,21641940,337.03,338.31,333.85
09/08/2025,334.82,18617330,333.66,335.67,333.23
09/05/2025,331.05,16065150,329.53,331.44,328.93
09/04/2025,326.69,11703130,327.03,327.56,325.35
09/03/2025,328.14,16062220,327.76,329.45,326.7301
09/02/2025,325.59,21247530,320.82,325.92,320.24
08/29/2025,318.07,15642640,314.72,318.09,314.64
08/28/2025,315.03,9610202,313.32,315.08,313.07
08/27/2025,312.71,4320071,311.39,312.91,310.77
08/26/2025,312.08,11698460,310.62,312.21,310.305
08/25/2025,309.83,4044429,309.67,310.84,309.67
08/22/2025,310.58,8526492,306.52,311.025,306.43
08/21/2025,307.29,4808975,307.86,308.15,307.0314
08/20/2025,308.36,6515411,307.54,308.47,307.40
08/19/2025,305.27,5029939,306.76,307.4788,305.19
08/18/2025,306.95,6150140,307.79,307.89,306.625
08/15/2025,307.43,5990110,307.34,308.00,306.87
08/14/2025,307.25,5817726,307.925,308.34,306.52
08/13/2025,309.21,4718586,309.10,310.39,308.45
08/12/2025,308.27,9701725,308.22,309.305,306.71
08/11/2025,308.55,10326700,308.62,309.66,307.63
08/08/2025,313.05,19886800,312.35,313.53,311.00
08/07/2025,313.12,10891460,311.72,313.135,310.70
08/06/2025,310.50,7418158,310.32,311.24,309.84
08/05/2025,311.16,6997693,310.37,312.24,310.22
08/04/2025,310.91,7639030,310.80,311.74,310.37
08/01/2025,309.11,12843360,308.61,309.55,307.45
07/31/2025,302.96,8980956,304.59,304.61,302.86
07/30/2025,300.96,13459600,304.42,304.65,300.955
07/29/2025,306.25,5741114,305.80,307.03,304.985
07/28/2025,305.41,9275440,306.44,306.58,304.05
07/25/2025,307.40,9376386,307.82,308.31,306.20
07/24/2025,310.27,7698763,309.29,310.99,309.06
07/23/2025,312.18,10547520,314.00,314.96,311.42
07/22/2025,316.10,13691850,314.48,316.24,313.62
07/21/2025,313.13,10995760,311.88,313.31,311.61
07/18/2025,308.39,5574281,309.24,309.37,308.32
07/17/2025,307.59,6642258,305.50,307.665,305.12
07/16/2025,308.26,17693100,307.11,311.09,305.73
07/15/2025,306.73,8149008,307.73,308.74,305.79
07/14/2025,308.01,5772879,309.07,309.38,307.73
07/11/2025,309.14,9187302,308.855,310.28,308.5153
07/10/2025,306.20,7059561,306.11,306.51,304.82
07/09/2025,305.52,10644080,303.58,305.54,303.23
07/08/2025,304.16,11840550,306.30,306.445,302.77
07/07/2025,307.37,7351641,305.07,307.705,304.53
07/03/2025,307.14,5275838,307.05,307.57,306.15
07/02/2025,309.25,8316377,308.035,309.395,306.96
07/01/2025,307.55,9335647,308.555,309.00,307.36
06/30/2025,304.83,8192086,302.385,304.92,301.95
06/27/2025,301.22,13301310,300.03,302.36,299.89
06/26/2025,306.78,6787517,305.77,307.28,304.855
06/25/2025,307.12,6733155,305.31,307.36,305.12
06/24/2025,306.19,12035180,305.07,306.34,303.54
06/23/2025,311.08,12687920,310.34,312.67,310.31
06/20/2025,310.13,8794711,309.33,310.89,309.25
06/18/2025,310.26,9370785,312.89,312.98,309.86
06/17/2025,311.94,8234115,312.66,313.00,310.12
06/16/2025,311.78,12848440,314.80,314.87,311.65
06/13/2025,316.29,16592950,317.26,317.60,315.0375
06/12/2025,312.20,11531410,311.74,313.10,311.15
06/11/2025,308.37,9248766,307.50,308.615,305.85
06/10/2025,306.71,7071702,308.31,308.60,305.87
06/09/2025,306.62,7159036,305.39,307.61,305.06
06/06/2025,305.18,7787508,309.09,309.20,305.10
06/05/2025,309.33,10856010,311.24,312.20,307.6501
06/04/2025,310.90,7462529,309.41,311.88,308.74
06/03/2025,308.91,9315081,309.56,309.56,307.15
06/02/2025,311.67,13593230,309.21,311.72,308.72
05/30/2025,303.60,9553260,303.64,304.02,301.50
05/29/2025,305.61,9502412,305.74,306.89,304.46
05/28/2025,303.81,8803333,304.64,304.99,303.06
05/27/2025,304.50,9578486,303.81,304.875,302.74
05/23/2025,309.75,13339470,308.86,310.25,307.47
05/22/2025,303.11,9704165,305.09,305.28,302.10
05/21/2025,305.82,12414520,304.55,306.46,303.67
05/20/2025,303.58,12850980,298.35,303.6825,298.30
05/19/2025,298.03,11656260,297.845,298.58,296.482
05/16/2025,294.24,14173040,292.62,294.575,291.78
05/15/2025,297.84,13497740,294.10,297.90,293.75
05/14/2025,293.16,14800600,293.67,294.80,291.96
05/13/2025,299.46,10233600,299.02,300.30,297.24
05/12/2025,298.19,14375880,298.33,299.47,296.82
05/09/2025,306.84,6913131,307.79,308.57,306.0101
05/08/2025,304.63,11927580,309.76,310.48,303.05
05/07/2025,310.75,7909976,312.10,313.26,310.08
05/06/2025,315.48,11445270,313.12,315.62,311.40
05/05/2025,306.88,8924009,305.92,307.65,304.675
05/02/2025,297.98,8678366,300.17,300.85,297.03
05/01/2025,297.46,14969060,297.41,297.94,295.32
04/30/2025,303.77,8331894,304.605,306.065,303.44
04/29/2025,306.06,6852106,305.81,306.95,304.00
04/28/2025,309.07,9375484,304.15,309.11,302.97
04/25/2025,304.73,10691590,301.78,305.37,301.01
04/24/2025,308.07,10844970,306.98,308.495,304.71
04/23/2025,303.65,25421460,304.18,304.74,300.59
04/22/2025,311.11,35242290,317.49,317.63,310.36
04/21/2025,315.59,20372260,315.015,316.41,313.945
04/17/2025,306.12,18287830,306.31,307.13,302.73
04/16/2025,307.47,20778080,304.65,308.0599,303.80
04/15/2025,297.78,7924134,296.93,298.02,296.09
04/14/2025,296.23,12427590,295.54,296.58,294.53
04/11/2025,297.93,21080130,297.96,299.275,296.81
04/10/2025,292.35,19837800,288.805,292.86,287.231
04/09/2025,285.38,25342180,282.22,285.87,281.04
04/08/2025,275.20,12639530,277.867,278.32,274.24
04/07/2025,273.71,19806990,278.855,280.14,272.58
04/04/2025,279.72,21517160,283.64,284.03,278.02
04/03/2025,286.42,20524390,282.78,289.09,282.45
04/02/2025,288.16,11074790,288.28,289.03,287.36
04/01/2025,287.57,15923550,288.54,289.13,285.91
03/31/2025,288.14,13925100,287.53,288.39,285.85
03/28/2025,284.06,9563660,283.82,284.64,282.86
03/27/2025,281.97,8476335,280.55,282.065,279.5868
03/26/2025,278.24,3741843,278.93,279.02,277.78
03/25/2025,278.47,5090179,278.78,279.96,278.27
03/24/2025,277.25,7870109,278.91,279.089,276.86
03/21/2025,278.49,9359340,279.46,279.46,276.59
03/20/2025,280.75,5863288,279.49,280.90,279.43
03/19/2025,281.11,8822197,279.85,281.479,279.06
03/18/2025,279.96,9596547,279.90,280.215,278.97
03/17/2025,276.73,8583359,275.54,276.79,275.39
03/14/2025,275.24,13364970,276.27,276.30,274.66
03/13/2025,275.13,13741460,271.57,275.345,271.55
03/12/2025,270.33,7236239,268.47,271.23,268.36
03/11/2025,269.16,8436562,268.47,269.73,268.4401
03/10/2025,266.04,7593890,267.62,268.44,265.64
03/07/2025,268.39,10431240,269.09,270.34,267.64
03/06/2025,268.25,6136447,268.25,269.51,268.16
03/05/2025,269.62,6990354,267.97,270.26,267.96
03/04/2025,269.06,8481343,269.01,269.40,267.52
03/03/2025,266.74,7725647,265.07,266.88,265.07
02/28/2025,263.27,11504490,262.555,263.40,261.25
02/27/2025,264.93,9374626,266.49,266.67,264.4475
02/26/2025,269.03,7276033,267.08,269.08,266.6612
02/25/2025,268.62,10079780,271.46,271.6796,266.45
02/24/2025,272.21,5374360,271.45,272.32,270.375
02/21/2025,270.74,8917431,270.795,271.51,269.51
02/20/2025,270.99,7356900,270.23,271.84,270.17
02/19/2025,270.85,9342452,270.68,271.33,269.24
02/18/2025,270.70,8185949,269.68,271.0099,269.60
02/14/2025,266.29,11546720,270.07,270.21,265.45
02/13/2025,270.31,8347547,268.40,270.39,268.22
02/12/2025,267.67,9328598,267.15,268.43,266.3451
02/11/2025,267.39,7169450,267.70,268.36,266.711
02/10/2025,268.37,13250310,268.00,268.66,267.24
02/07/2025,263.90,9154042,265.22,266.345,263.26
02/06/2025,263.43,8731433,263.66,263.72,261.49
02/05/2025,264.13,12681130,264.45,265.99,263.89
02/04/2025,262.50,9850412,261.83,262.54,261.35
02/03/2025,259.94,11521090,259.75,261.3897,259.5236
01/31/2025,258.56,8965576,259.08,259.99,257.86
01/30/2025,258.05,12981160,257.20,258.29,256.45
01/29/2025,254.20,5671753,254.55,254.82,253.30
01/28/2025,255.18,5332005,254.225,255.25,253.891
01/27/2025,252.99,5799780,253.86,254.26,251.92
01/24/2025,255.65,7341337,255.96,257.07,255.61
01/23/2025,254.07,6511526,253.19,254.54,252.82
01/22/2025,254.43,5213777,254.29,254.68,253.7801
01/21/2025,253.13,7668119,251.95,253.3598,251.83
01/17/2025,249.27,8312858,249.70,250.81,249.15
01/16/2025,250.60,9235998,250.56,251.39,250.27
01/15/2025,248.88,6344973,248.21,248.90,247.0102
01/14/2025,247.03,4914837,245.62,247.04,245.52
01/13/2025,245.74,8448595,246.34,246.79,245.151
01/10/2025,248.21,12380130,248.01,249.04,247.55
01/08/2025,245.86,6303334,245.72,246.45,244.51
01/07/2025,244.56,5090333,245.52,245.77,243.81
01/06/2025,243.19,3758903,242.33,243.79,242.05
01/03/2025,243.49,4875546,244.56,244.82,243.36
01/02/2025,245.42,6241899,244.22,245.53,244.08
12/31/2024,242.13,2522102,241.05,242.52,241.05
12/30/2024,240.63,3522539,241.08,241.08,239.58
12/27/2024,241.40,4728440,241.20,241.95,241.05
12/26/2024,243.07,4651778,242.39,243.56,242.195
12/24/2024,241.44,2421008,241.49,241.66,240.82
12/23/2024,240.96,5835498,241.60,241.67,240.65
12/20/2024,242.10,9527805,241.41,242.955,241.17
12/19/2024,239.60,8113568,239.67,240.05,238.73
12/18/2024,239.26,8015848,243.57,243.7095,238.82
12/17/2024,243.94,4421339,243.80,244.55,243.23
12/16/2024,244.88,3310036,245.41,245.54,244.29
12/13/2024,244.29,6602591,245.67,245.94,244.27
12/12/2024,247.28,10149590,247.81,248.24,246.87
12/11/2024,250.96,11033780,249.35,251.26,248.97
12/10/2024,248.59,4641963,247.86,248.86,247.83
12/09/2024,245.36,4711536,246.28,247.11,245.2595
12/06/2024,242.95,3540698,242.79,243.86,242.435
12/05/2024,242.86,4806206,244.16,244.38,242.15
12/04/2024,244.67,4608584,244.93,245.34,244.365
12/03/2024,243.93,3557819,244.96,245.18,243.30
12/02/2024,243.44,4765001,244.46,244.5805,243.14
11/29/2024,245.59,2708494,245.25,245.81,244.73
11/27/2024,243.49,6930587,244.85,245.1835,243.20
11/26/2024,242.95,4945897,242.71,243.09,241.58
11/25/2024,242.48,10733110,244.27,244.3999,241.48
11/22/2024,249.84,7502963,248.20,250.39,247.86
11/21/2024,246.66,7646429,246.23,246.81,245.69
11/20/2024,244.62,6630737,243.74,245.21,243.51
11/19/2024,243.25,6579103,242.75,243.31,242.03
11/18/2024,241.09,6512986,240.46,241.495,240.45
11/15/2024,236.59,7299482,237.57,237.88,236.33
11/14/2024,237.01,8262426,236.57,237.9886,236.1326
11/13/2024,237.63,8431694,241.31,241.47,237.59
11/12/2024,240.05,10145510,241.29,241.66,239.39
11/11/2024,242.14,11653850,242.73,242.73,241.06
11/08/2024,247.96,6267916,249.07,249.35,247.78
11/07/2024,249.65,8821445,248.29,250.24,248.12
11/06/2024,245.70,14600220,245.635,247.35,244.9506
11/05/2024,253.40,6029884,253.78,253.9893,252.41
11/04/2024,252.83,4581435,253.32,253.58,252.27
11/01/2024,252.47,6473012,254.33,254.86,252.435
10/31/2024,253.51,9930827,255.52,255.60,252.20
10/30/2024,257.50,6386196,256.76,257.71,255.9101
10/29/2024,256.09,8875470,254.49,256.29,254.23
10/28/2024,253.33,4029110,253.01,253.63,252.95
10/25/2024,253.32,4424475,252.00,253.5499,251.77
10/24/2024,252.80,5962188,253.27,253.32,251.40
10/23/2024,250.87,8080958,253.08,253.18,250.20
10/22/2024,253.93,5756321,253.06,253.94,252.52
10/21/2024,251.22,9258590,252.74,253.14,250.73
10/18/2024,251.27,7833614,250.00,251.37,249.90
10/17/2024,248.63,5176170,247.75,249.06,247.62
10/16/2024,247.15,5431939,247.62,248.09,246.36
10/15/2024,245.92,5640831,244.99,246.55,244.53
10/14/2024,245.07,3922892,245.16,245.86,244.26
10/11/2024,245.47,5789546,244.50,245.92,244.47
10/10/2024,242.82,4792690,241.77,243.02,241.5101
10/09/2024,241.05,4120486,241.16,241.84,240.64
10/08/2024,242.37,7669807,243.79,244.04,240.63
10/07/2024,244.17,3849026,244.58,244.82,243.81
10/04/2024,245.00,5951628,245.00,246.69,244.045
10/03/2024,245.49,5674503,244.72,245.91,243.69
10/02/2024,245.66,6798783,245.61,246.07,243.99
10/01/2024,245.61,10605490,245.20,246.98,245.06
09/30/2024,243.06,6919352,243.97,244.08,242.50
09/27/2024,245.02,8329633,246.31,246.75,244.19
09/26/2024,246.98,7041063,246.44,247.37,245.19
09/25/2024,245.73,7393448,246.19,246.47,244.79
09/24/2024,246.07,8386348,243.39,246.19,243.15
09/23/2024,242.68,5426166,242.97,243.46,242.585
09/20/2024,242.21,7737416,241.11,242.625,240.47
09/19/2024,239.17,6108226,238.24,239.515,237.39
09/18/2024,235.51,11081110,238.19,240.2896,235.30
09/17/2024,237.34,5257119,238.08,238.60,236.61
09/16/2024,238.66,4713541,238.73,239.278,238.05
09/13/2024,238.68,7455078,238.13,238.98,237.7575
09/12/2024,236.33,9944986,234.63,236.45,234.42
09/11/2024,232.25,4637312,231.72,232.87,231.09
09/10/2024,232.62,4378349,232.39,232.74,231.12
09/09/2024,231.60,3548806,231.26,231.62,230.39
09/06/2024,230.63,6315824,231.83,232.76,229.62
09/05/2024,232.35,4838112,232.72,232.89,231.33
09/04/2024,230.43,4695980,229.79,231.06,229.375
09/03/2024,230.29,6417918,230.38,230.54,228.52
08/30/2024,231.29,5742963,232.53,232.86,230.5501
08/29/2024,232.95,5524161,231.95,233.61,231.92
08/28/2024,231.75,4961482,232.00,232.02,230.73
08/27/2024,233.39,4435606,231.69,233.47,231.5701
08/26/2024,232.76,3151384,233.45,233.50,232.06
08/23/2024,232.02,5418171,231.04,232.73,230.5199
08/22/2024,229.37,5765369,230.35,230.38,228.26
08/21/2024,232.15,5337388,231.69,232.87,230.48
08/20/2024,232.46,9073611,233.71,234.01,231.13
08/19/2024,231.61,5164817,230.15,231.78,229.74
08/16/2024,231.99,11924540,229.99,232.02,229.005
08/15/2024,226.91,5273310,226.51,227.50,225.12
08/14/2024,226.20,5462495,226.55,227.48,225.35
08/13/2024,228.06,6740238,228.07,228.87,227.59
08/12/2024,228.41,5561259,226.14,228.535,225.965
08/09/2024,224.56,4441017,224.82,225.28,223.82
08/08/2024,224.01,6327054,222.73,224.25,222.515
08/07/2024,220.55,5287817,221.94,222.31,220.35
08/06/2024,220.70,14362270,221.50,222.14,220.11
08/05/2024,222.48,8939011,220.56,223.10,220.241
08/02/2024,225.34,11109390,227.95,228.76,222.865
08/01/2024,225.77,7217224,226.74,227.57,225.05
07/31/2024,226.55,7316552,223.73,226.60,223.64
07/30/2024,222.52,4939531,221.41,222.92,220.355
07/29/2024,220.32,4665057,221.26,221.55,219.045
07/26/2024,220.63,6328784,219.96,221.04,219.70
07/25/2024,218.33,9777054,219.02,219.2607,217.52
07/24/2024,221.80,6838783,223.47,224.88,221.74
07/23/2024,222.58,4435700,222.34,222.75,221.86
07/22/2024,221.80,5334060,221.58,221.92,220.40
07/19/2024,221.73,8665956,221.52,222.68,221.41
07/18/2024,225.78,5485459,227.71,228.32,225.57
07/17/2024,227.23,8620511,228.79,229.65,226.67
07/16/2024,228.29,11070660,225.45,228.29,225.30
07/15/2024,223.83,5719339,223.39,225.59,223.02
07/12/2024,223.11,5179297,222.03,223.62,221.86
07/11/2024,223.25,9323981,222.65,224.1489,221.48
07/10/2024,219.36,5556185,220.14,220.71,219.16
07/09/2024,218.56,3904495,218.57,219.29,217.265
07/08/2024,218.19,5790811,219.64,220.04,217.41
07/05/2024,220.93,5950550,219.58,221.28,219.58
07/03/2024,217.99,5055313,217.34,218.7397,217.33
07/02/2024,215.56,4921672,215.33,216.08,214.6204
07/01/2024,215.57,3797921,215.25,216.00,214.485
06/28/2024,215.01,3955080,215.64,215.8148,214.82
06/27/2024,214.99,4977837,214.71,215.50,214.45
06/26/2024,212.58,4690348,212.39,213.11,212.1204
06/25/2024,214.56,3847694,214.96,215.31,214.12
06/24/2024,215.63,4626923,215.55,215.94,215.20
06/21/2024,214.78,8935399,217.83,217.90,214.255
06/20/2024,218.16,7290516,216.32,218.7413,216.15
06/18/2024,215.47,4921415,214.38,215.83,214.04
06/17/2024,214.61,3877671,214.90,215.24,213.60
06/14/2024,215.73,7076496,215.34,216.04,214.98
06/13/2024,212.97,5861099,214.44,214.96,212.26
06/12/2024,214.72,5911883,216.47,216.55,214.20
06/11/2024,214.15,4004085,213.95,214.38,213.24
06/10/2024,213.54,4219641,213.13,214.02,212.76
06/07/2024,211.60,12195070,215.07,215.19,211.54
06/06/2024,219.43,5283914,218.36,219.97,218.10
06/05/2024,217.82,5479226,216.69,218.0795,215.93
06/04/2024,215.27,5509361,216.24,216.24,214.20
06/03/2024,217.22,6172606,215.92,217.82,215.54
05/31/2024,215.30,5617183,217.77,217.96,214.65
05/30/2024,216.57,3071290,216.69,217.51,216.41
05/29/2024,216.16,4184972,216.92,217.16,216.12
05/28/2024,218.19,3809677,218.43,218.59,217.21
05/24/2024,215.92,4212379,216.96,217.21,215.74
05/23/2024,215.72,9537911,218.78,219.23,215.66
05/22/2024,220.11,8903115,223.09,223.24,219.7407
05/21/2024,224.23,4002615,224.77,225.21,223.70
05/20/2024,224.56,5990860,223.79,225.66,223.02
05/17/2024,223.66,10481940,222.18,223.8501,221.67
05/16/2024,220.03,4301652,220.14,220.585,219.41
05/15/2024,220.89,9297715,219.06,221.19,217.65
05/14/2024,218.09,4662679,217.31,218.3795,216.98
05/13/2024,216.26,4896343,217.06,217.31,215.80
05/10/2024,218.71,8700917,219.22,219.60,218.08
05/09/2024,216.95,7732469,214.48,216.95,214.44
05/08/2024,213.58,4462736,213.62,214.80,213.50
05/07/2024,214.21,5660735,214.52,214.93,213.88
05/06/2024,215.20,6840477,215.14,215.91,214.47
05/03/2024,212.96,8679910,212.89,213.225,210.71
05/02/2024,213.13,6286967,211.90,213.705,211.49
05/01/2024,213.79,10373880,212.96,215.50,212.41
04/30/2024,211.87,11248620,213.38,214.1271,211.80
04/29/2024,216.18,6409870,216.02,217.215,215.25
04/26/2024,216.62,6268504,216.77,217.0676,215.53
04/25/2024,215.92,6606512,214.47,217.05,214.3357
04/24/2024,214.64,5741072,214.76,216.35,214.36
04/23/2024,215.04,10730330,213.96,215.86,213.87
04/22/2024,215.57,13404250,216.35,216.9578,215.14
04/19/2024,221.03,8688967,220.49,222.36,220.08
04/18/2024,220.34,6496885,221.31,221.4599,219.312
04/17/2024,219.59,11521050,221.05,221.76,218.52
04/16/2024,221.22,10746120,220.18,221.99,218.78
04/15/2024,220.95,13238950,217.94,221.03,215.16
04/12/2024,216.89,30898780,221.87,225.09,216.02
04/11/2024,219.80,11415220,216.85,219.84,215.89
04/10/2024,215.61,13317490,215.37,217.78,214.68
04/09/2024,217.67,13079310,217.81,218.86,216.45
04/08/2024,216.48,10331410,215.98,216.81,214.61
04/05/2024,215.14,13382720,212.49,215.74,212.22
04/04/2024,211.52,12307270,212.00,213.45,211.02
04/03/2024,212.74,11416230,210.57,212.83,210.30
04/02/2024,210.89,13421070,209.07,211.03,208.36
04/01/2024,207.82,13677110,208.68,208.73,206.29
03/28/2024,205.72,9194473,204.54,206.05,203.87
03/27/2024,203.10,6040980,202.32,203.22,202.32
03/26/2024,201.64,5752677,202.65,202.76,201.07
03/25/2024,200.99,4034750,201.19,201.95,200.965
03/22/2024,200.35,6918508,201.32,201.86,199.715
03/21/2024,201.97,7396540,203.88,203.92,200.60
03/20/2024,202.18,9593754,199.16,202.66,199.12
03/19/2024,199.80,4657527,199.62,199.81,198.935
03/18/2024,200.03,7206823,199.66,200.145,199.51
03/15/2024,199.71,4556710,199.94,200.634,199.57
03/14/2024,200.35,6865044,200.37,200.47,199.34
03/13/2024,201.19,5929990,200.44,201.86,200.35
03/12/2024,199.79,9436586,200.42,200.6277,199.16
03/11/2024,202.00,7329560,201.71,202.41,201.46
03/08/2024,201.63,13540110,200.89,203.30,200.4459
03/07/2024,199.94,8403737,199.54,200.11,198.91
03/06/2024,198.81,10459290,198.08,199.30,197.44
03/05/2024,197.19,9672210,197.44,198.14,196.65
03/04/2024,196.01,12216340,194.15,196.3299,193.88
03/01/2024,192.89,13411000,190.27,193.40,189.44
02/29/2024,189.31,6848639,189.64,189.918,189.23
02/28/2024,188.34,2824131,188.34,188.52,188.0301
02/27/2024,188.00,5165376,188.58,188.72,187.88
02/26/2024,188.20,4491937,187.79,188.36,187.53
02/23/2024,188.62,6827271,187.56,189.18,187.46
02/22/2024,187.56,4550823,187.56,187.64,187.05
02/21/2024,187.48,5789951,187.88,188.04,187.10
02/20/2024,187.47,5531152,187.96,188.03,187.40
02/16/2024,186.34,6518526,185.076,186.67,184.835
02/15/2024,185.66,6228859,185.60,186.02,185.095
02/14/2024,184.42,7031562,184.27,184.88,183.78
02/13/2024,184.53,9525794,185.35,185.38,184.33
02/12/2024,187.11,4706253,186.60,187.27,186.36
02/09/2024,187.60,4412654,187.56,187.77,187.14
02/08/2024,188.33,3873445,187.91,188.5298,187.8199
02/07/2024,188.50,6276879,188.45,189.39,188.28
02/06/2024,188.55,4866122,187.94,188.854,187.742
02/05/2024,187.57,5436062,186.875,187.82,186.70
02/02/2024,188.61,7337573,188.07,188.87,187.85
02/01/2024,190.41,10278130,189.71,191.36,188.99
01/31/2024,188.45,7886115,189.37,190.46,188.13
01/30/2024,188.59,4976467,189.70,189.83,187.975
01/29/2024,188.33,5629695,188.31,188.54,187.1899
01/26/2024,187.01,5064774,187.27,187.38,186.76
01/25/2024,187.14,4651026,187.34,187.64,186.46
01/24/2024,186.40,6085437,188.33,188.37,186.32
01/23/2024,187.95,5040771,187.45,188.15,187.28
01/22/2024,187.22,4397522,187.23,187.7601,186.85
01/19/2024,187.93,5719650,188.26,188.30,187.44
01/18/2024,187.37,4685239,186.36,187.40,186.30
01/17/2024,185.84,8643163,187.31,187.42,185.45
01/16/2024,187.91,6548068,189.15,189.26,187.54
01/12/2024,189.71,6833678,190.67,191.08,189.16
01/11/2024,187.87,6831086,188.02,188.55,186.56
01/10/2024,187.50,4504726,188.14,188.44,187.205
01/09/2024,187.93,4437269,188.68,188.78,187.73
01/08/2024,187.87,6214968,187.21,188.74,187.11
01/05/2024,189.35,7481883,189.68,191.26,189.08
01/04/2024,189.32,4416743,189.08,189.75,188.69
01/03/2024,189.13,8661568,188.77,189.86,188.16
01/02/2024,190.72,6025646,191.44,191.89,190.50
12/29/2023,191.17,4612349,190.99,191.64,190.74
12/28/2023,191.47,6171506,192.34,192.89,191.44
12/27/2023,192.59,5813295,191.77,193.1823,191.54
12/26/2023,191.72,4502664,190.97,191.74,190.40
12/22/2023,190.27,7176292,191.60,191.88,190.07
12/21/2023,189.43,4619995,189.21,189.62,188.75
12/20/2023,188.10,6002395,188.69,188.96,188.085
12/19/2023,189.13,6025564,188.23,189.7239,188.13
12/18/2023,187.85,5357987,187.50,188.49,187.24
12/15/2023,187.00,8324824,188.52,188.96,186.82
12/14/2023,188.73,9107157,188.865,189.82,188.08
12/13/2023,187.63,10635500,183.82,187.66,183.38
12/12/2023,183.49,5056911,183.844,183.98,183.26
12/11/2023,183.59,8519527,184.50,184.53,183.1513
12/08/2023,185.64,7883204,185.93,186.78,184.90
12/07/2023,188.15,5802025,188.45,188.59,187.26
12/06/2023,187.84,5778604,188.32,188.46,187.50
12/05/2023,187.15,7027722,187.55,187.88,186.30
12/04/2023,187.86,18460540,189.599,190.38,187.26
12/01/2023,192.01,16727570,188.805,192.395,188.685
11/30/2023,188.75,7558123,188.89,189.24,188.28
11/29/2023,189.54,8407253,189.16,189.99,189.02
11/28/2023,189.26,10901890,187.90,189.40,187.52
11/27/2023,186.77,6320420,186.56,186.80,185.93
11/24/2023,185.52,2445058,185.47,185.75,185.16
11/22/2023,184.56,4338209,185.47,185.72,184.2715
11/21/2023,185.35,7322379,185.57,186.115,185.065
11/20/2023,183.37,5393464,182.32,183.48,182.225
11/17/2023,183.67,4871297,183.96,184.125,183.45
11/16/2023,183.69,8253348,182.846,184.32,182.80
11/15/2023,181.64,4909399,182.03,182.18,181.31
11/14/2023,182.12,6831639,181.70,182.75,181.62
11/13/2023,180.51,5385908,179.40,180.73,179.11
11/10/2023,179.51,7611618,180.51,180.585,179.245
11/09/2023,181.49,6486286,180.98,182.28,180.89
11/08/2023,180.77,6738304,182.01,182.065,180.5699
11/07/2023,182.59,6795795,182.25,182.65,181.75
11/06/2023,183.35,8274666,184.14,184.23,183.34
11/03/2023,184.79,8530399,184.48,185.47,184.35
11/02/2023,184.12,7343699,184.13,184.28,183.50
11/01/2023,183.51,9048562,183.91,185.00,182.67
10/31/2023,184.09,10104570,185.08,186.21,183.495
10/30/2023,185.10,8756405,185.54,185.70,184.73
10/27/2023,186.15,14102830,183.76,186.36,183.47
10/26/2023,184.01,7671406,183.40,184.49,182.87
10/25/2023,183.72,10087020,183.42,184.2993,182.04
10/24/2023,182.95,6593963,182.07,183.40,181.68
10/23/2023,182.97,9479805,183.51,183.56,182.705
10/20/2023,183.59,12785670,183.43,185.23,183.09
10/19/2023,183.09,13406560,181.04,183.43,180.82
10/18/2023,180.87,13920790,180.894,182.02,179.75
10/17/2023,178.29,8231866,178.37,179.13,177.98
10/16/2023,177.96,8385428,177.84,178.33,177.535
10/13/2023,178.83,18802890,176.892,179.095,176.72
10/12/2023,173.26,5912663,174.06,174.23,173.24
10/11/2023,173.79,7128002,173.60,174.125,173.26
10/10/2023,172.53,5843995,172.08,172.795,171.90
10/09/2023,172.82,10201550,171.18,172.86,171.075
10/06/2023,169.70,9948433,169.17,170.23,168.50
10/05/2023,168.83,6970219,168.74,169.00,168.30
10/04/2023,169.14,10034600,169.21,169.41,168.50
10/03/2023,169.16,11459840,169.14,170.08,168.745
10/02/2023,169.65,12706030,170.23,170.46,169.50
09/29/2023,171.45,10427380,173.92,174.03,171.265
09/28/2023,173.23,10061920,173.91,174.135,172.32
09/27/2023,174.10,10919580,175.27,175.32,173.70
09/26/2023,176.28,7181080,176.825,177.14,176.16
09/25/2023,177.70,5582074,178.41,178.71,177.64
09/22/2023,178.62,3637075,178.65,178.95,178.51
09/21/2023,178.05,7573300,177.86,178.485,177.69
09/20/2023,179.35,9330262,179.34,180.66,179.32
09/19/2023,179.22,4225102,179.54,179.65,179.03
09/18/2023,179.39,5049308,178.82,179.41,178.38
09/15/2023,178.34,5620888,178.55,179.105,178.34
09/14/2023,177.17,6184382,176.50,177.39,176.36
09/13/2023,177.08,3874788,177.53,177.75,177.035
09/12/2023,177.49,4445435,177.11,177.70,177.05
09/11/2023,178.41,3689085,178.97,179.07,178.261
09/08/2023,178.08,3293699,178.36,179.045,177.90
09/07/2023,178.02,3257213,178.31,178.3701,177.90
09/06/2023,177.83,6427224,178.33,179.01,177.70
09/05/2023,178.64,7056834,179.33,179.4438,178.64
09/01/2023,180.11,4970732,180.80,181.12,179.51
08/31/2023,180.02,4795626,180.37,180.49,179.94
08/30/2023,180.32,6593692,180.58,180.88,180.29
08/29/2023,179.87,7576640,178.03,179.88,177.90
08/28/2023,178.13,4740683,177.65,178.73,177.51
08/25/2023,177.62,6132927,177.58,178.38,176.63
08/24/2023,177.85,5526428,177.66,178.49,177.41
08/23/2023,177.89,7949056,177.32,178.22,177.07
08/22/2023,176.10,5892540,175.83,176.25,175.31
08/21/2023,175.81,4206360,175.90,175.94,174.96
08/18/2023,175.33,6253027,175.83,176.055,175.10
08/17/2023,175.30,7937672,176.53,176.56,174.93
08/16/2023,175.57,6559418,176.62,176.945,175.56
08/15/2023,176.59,7582703,176.75,177.43,176.33
08/14/2023,177.06,9554477,176.86,177.58,176.5787
08/11/2023,177.60,5289694,177.70,178.36,177.49
08/10/2023,177.60,5934598,178.22,178.70,177.54
08/09/2023,177.79,4643998,178.68,178.92,177.78
08/08/2023,178.64,6162879,178.64,179.33,178.46
08/07/2023,179.78,4510408,180.15,180.15,179.27
08/04/2023,180.19,5326191,180.25,180.77,179.85
08/03/2023,179.54,4638874,179.44,179.95,179.28
08/02/2023,179.60,6348266,180.57,180.79,179.41
08/01/2023,180.46,6289869,180.85,181.375,180.19
07/31/2023,182.35,5496890,182.43,183.09,182.31
07/28/2023,181.86,3829197,181.48,182.27,181.25
07/27/2023,180.42,7592752,181.64,181.64,180.32
07/26/2023,183.30,6158432,182.66,183.64,182.31
07/25/2023,182.41,4090149,181.72,182.47,181.10
07/24/2023,181.40,4370026,182.22,182.54,181.34
07/21/2023,182.18,3845361,182.06,182.46,181.68
07/20/2023,182.74,4972856,183.73,183.77,182.47
07/19/2023,183.67,3911565,183.45,183.835,182.87
07/18/2023,183.64,8242597,182.79,184.23,182.32
07/17/2023,181.56,4152919,180.99,181.6307,180.64
07/14/2023,181.43,5389968,181.59,182.17,181.1101
07/13/2023,182.01,4527900,181.96,182.15,181.49
07/12/2023,181.88,7062010,181.18,181.95,181.10
07/11/2023,179.45,2819610,179.43,179.71,179.13
07/10/2023,178.78,3320497,178.37,178.92,178.2601
07/07/2023,178.64,5201148,178.38,179.65,178.35
07/06/2023,177.31,5132954,177.51,177.80,176.66
07/05/2023,177.84,5652091,179.41,179.42,177.825
07/03/2023,178.47,4085711,178.61,179.34,178.46
06/30/2023,178.27,6420904,177.69,178.53,177.32
06/29/2023,177.09,6862511,175.83,177.63,175.79
06/28/2023,177.28,5866741,177.23,177.685,176.70
06/27/2023,177.69,5036916,179.07,179.29,177.43
06/26/2023,178.51,3222050,179.05,179.075,178.42
06/23/2023,178.20,5419784,179.60,179.95,178.09
06/22/2023,177.71,7948565,178.36,178.99,177.63
06/21/2023,179.49,6702339,179.15,179.95,178.19
06/20/2023,179.75,7586229,180.06,180.09,179.22
06/16/2023,181.63,8779096,181.925,182.618,181.41
06/15/2023,181.91,6739009,180.28,182.05,180.18
06/14/2023,180.64,6807003,181.69,181.96,180.14
06/13/2023,180.54,5126686,182.10,182.43,180.165
06/12/2023,181.88,4875450,181.80,181.94,181.04
06/09/2023,182.04,4380811,182.36,182.79,181.72
06/08/2023,182.53,6394890,182.00,183.04,181.96
06/07/2023,180.15,9066528,181.94,183.00,180.15
06/06/2023,182.34,4967156,182.36,182.65,181.52
06/05/2023,182.14,5748800,180.79,182.44,180.60
06/02/2023,181.05,8726111,183.53,183.56,180.96
06/01/2023,183.76,7300542,182.81,184.21,182.72
05/31/2023,182.32,8497893,182.39,183.445,182.10
05/30/2023,182.04,4906066,181.72,182.40,181.17
05/26/2023,180.92,5823674,181.01,181.30,180.09
05/25/2023,180.20,6919174,181.18,181.31,180.10
05/24/2023,181.95,6732940,183.54,183.54,181.77
05/23/2023,183.43,6345012,182.78,183.76,182.48
05/22/2023,183.21,4834298,183.22,183.84,182.91
05/19/2023,183.64,8434976,182.25,184.34,181.81
05/18/2023,181.84,8812591,182.10,182.28,181.335
05/17/2023,184.23,7474277,184.305,184.45,183.48
05/16/2023,184.87,9527806,186.58,186.82,184.4601
05/15/2023,187.21,5518086,187.30,187.88,187.032
05/12/2023,186.81,7087462,187.43,187.92,186.58
05/11/2023,187.13,8245523,188.44,188.81,186.86
05/10/2023,188.75,9392097,188.975,189.64,187.82
05/09/2023,189.02,7098810,188.12,189.33,188.07
05/08/2023,187.69,6075441,187.82,188.67,187.49
05/05/2023,187.46,12508110,186.56,187.58,185.77
05/04/2023,190.44,14146790,188.86,191.36,188.81
05/03/2023,189.11,11133830,187.61,189.205,186.93
05/02/2023,187.52,13554920,184.65,187.64,184.515
05/01/2023,183.97,7997658,186.05,186.22,183.91
04/28/2023,184.80,6700418,184.79,185.38,184.17
04/27/2023,184.75,9107425,183.90,184.989,183.38
04/26/2023,184.74,8203595,186.63,186.65,184.30
04/25/2023,185.75,8451933,184.84,186.2204,184.30
04/24/2023,184.81,8303396,184.07,185.025,183.46
04/21/2023,184.25,10698710,184.98,185.68,183.22
04/20/2023,186.09,5789908,186.14,187.03,185.78
04/19/2023,185.36,7373518,184.35,185.58,184.28
04/18/2023,186.25,8056928,185.24,186.99,185.04
04/17/2023,185.53,7468062,185.89,185.93,184.10
04/14/2023,186.36,13272540,188.08,188.4869,185.17
04/13/2023,189.72,14060110,189.76,190.41,188.99
04/12/2023,187.19,10000950,187.54,187.66,185.97
04/11/2023,186.28,6031494,185.905,186.51,185.635
04/10/2023,185.11,6408114,185.18,185.36,184.19
04/06/2023,186.49,6648428,186.89,187.26,185.95
04/05/2023,187.83,11440830,188.34,188.86,186.78
04/04/2023,187.98,13765360,184.722,188.23,184.66
04/03/2023,184.54,9206635,183.85,185.035,183.32
03/31/2023,183.22,8003334,184.11,184.42,182.80
03/30/2023,184.18,6360296,182.75,184.4401,182.55
03/29/2023,182.53,4996493,182.49,183.27,182.24
03/28/2023,183.44,6202597,182.31,183.62,182.12
03/27/2023,181.95,6925046,181.15,182.15,180.69
03/24/2023,183.65,9253075,185.606,185.99,183.62
03/23/2023,185.74,11347150,183.91,186.24,183.5996
03/22/2023,183.44,11969560,180.40,183.94,180.28
03/21/2023,180.37,10734490,182.65,182.73,179.90
03/20/2023,183.84,11845680,184.19,184.54,182.74
03/17/2023,183.77,24156270,181.02,184.81,180.77
03/16/2023,178.57,10764870,179.51,179.654,177.87
03/15/2023,178.21,14546100,178.86,180.13,177.49
03/14/2023,176.83,10019030,177.35,177.59,176.21
03/13/2023,177.86,20554420,176.66,178.02,176.30
03/10/2023,173.87,13803440,171.93,173.88,171.92
03/09/2023,170.20,5582980,169.751,170.65,169.71
03/08/2023,168.54,5718595,168.61,169.59,168.52
03/07/2023,168.62,8713268,170.42,170.47,168.52
03/06/2023,171.62,4264124,172.32,172.37,171.54
03/03/2023,172.49,6894466,171.45,172.595,170.98
03/02/2023,170.66,3952266,170.52,170.975,170.36
03/01/2023,170.76,6590468,170.95,171.49,170.47
02/28/2023,169.78,6761585,168.781,170.25,168.59
02/27/2023,169.01,4509151,168.88,169.23,168.55
02/24/2023,168.35,6496496,168.42,168.84,168.19
02/23/2023,169.57,5073479,169.84,170.125,169.08
02/22/2023,169.66,4105675,170.81,170.96,169.56
02/21/2023,170.62,4035933,171.20,171.50,170.34
02/17/2023,171.26,4809799,169.87,171.47,169.52
02/16/2023,170.75,4540398,170.34,171.60,169.96
02/15/2023,170.89,5435337,170.60,170.99,170.16
02/14/2023,172.61,5403099,171.97,173.51,171.41
02/13/2023,172.48,3970786,172.70,172.9014,172.07
02/10/2023,173.36,2971125,173.63,173.68,172.63
02/09/2023,173.03,5361340,175.49,175.52,172.87
02/08/2023,174.41,4075638,174.942,174.99,173.83
02/07/2023,173.98,6794153,173.72,175.27,173.47
02/06/2023,173.82,8956963,174.11,174.455,173.28
02/03/2023,173.46,13674440,174.92,175.43,173.12
02/02/2023,177.90,8842396,181.08,181.11,177.74
02/01/2023,181.67,7996005,179.75,181.73,178.63
01/31/2023,179.41,5976888,178.82,179.699,178.54
01/30/2023,178.76,4210726,179.286,179.43,178.65
01/27/2023,179.22,6052728,179.27,179.72,178.262
01/26/2023,179.47,5860129,180.146,180.265,178.46
01/25/2023,181.11,6925348,179.35,181.22,179.2925
01/24/2023,180.28,4604628,179.56,180.32,178.35
01/23/2023,179.63,5265507,178.35,179.69,177.78
01/20/2023,179.29,5754818,179.06,179.66,178.645
01/19/2023,179.89,6678687,178.37,180.03,178.09
01/18/2023,177.08,5384664,178.92,179.18,176.90
01/17/2023,177.59,6610834,178.21,178.24,177.09
01/13/2023,178.76,7468768,176.96,178.825,176.8934
01/12/2023,176.64,6936919,176.01,176.71,174.88
01/11/2023,174.62,3374201,174.76,174.79,173.72
01/10/2023,174.74,4398411,174.61,174.98,174.06
01/09/2023,174.10,5134503,174.51,175.035,173.881
01/06/2023,173.71,7888954,171.76,173.96,171.23
01/05/2023,170.52,4692610,170.824,171.00,169.79
01/04/2023,172.67,7574633,172.86,173.09,171.845
01/03/2023,171.06,7992927,171.32,172.09,170.02
12/30/2022,169.64,2864455,169.26,169.8999,168.795
12/29/2022,168.85,3345874,168.54,169.35,168.52
12/28/2022,167.91,3662456,168.05,168.34,167.10
12/27/2022,168.67,6885715,167.89,170.61,167.80
12/23/2022,167.26,2912300,166.88,167.795,166.66
12/22/2022,166.76,5672656,167.76,167.7632,166.06
12/21/2022,168.80,3990060,169.04,169.71,168.675
12/20/2022,169.08,7803118,168.10,169.53,168.03
12/19/2022,166.32,3940525,166.71,167.11,165.99
12/16/2022,166.79,5371967,166.02,166.98,165.84
12/15/2022,165.35,8370909,165.73,166.21,165.10
12/14/2022,168.10,5642965,168.43,168.81,167.14
12/13/2022,168.51,6750199,169.21,169.79,168.02
12/12/2022,165.68,3504409,166.438,166.60,165.43
12/09/2022,167.06,5431272,167.26,168.085,166.60
12/08/2022,166.47,3217874,166.58,167.045,166.07
12/07/2022,166.33,4610697,165.47,166.64,165.318
12/06/2022,164.84,3597758,165.20,165.54,164.45
12/05/2022,164.39,5436175,166.55,166.72,164.3201
12/02/2022,167.26,5185941,166.18,167.47,165.76
12/01/2022,167.84,8625780,167.48,167.95,166.975
11/30/2022,164.81,4874746,163.69,164.81,162.40
11/29/2022,162.73,2620637,162.70,163.6299,162.60
11/28/2022,161.93,4053918,162.93,163.06,161.91
11/25/2022,163.22,1436508,162.85,163.43,162.765
11/23/2022,163.08,4167005,161.69,163.24,161.56
11/22/2022,162.07,3203837,162.30,162.60,161.72
11/21/2022,161.88,4766512,162.44,162.50,161.28
11/18/2022,162.79,4321075,163.38,163.69,162.68
11/17/2022,163.92,4578129,163.79,164.1099,163.40
11/16/2022,165.12,3645845,165.41,165.71,164.8301
11/15/2022,165.50,9903495,165.27,166.23,164.56
11/14/2022,164.92,6187552,164.20,165.24,164.15
11/11/2022,164.56,4622422,163.914,164.58,163.42
11/10/2022,163.48,9939858,162.01,163.51,161.655
11/09/2022,158.65,6040627,159.359,160.35,158.45
11/08/2022,159.45,11299640,155.99,159.87,155.975
11/07/2022,155.85,4425710,156.22,156.569,155.81
11/04/2022,156.47,7691954,154.95,156.60,154.66
11/03/2022,151.81,5378810,150.699,151.955,150.5703
11/02/2022,152.39,7220403,154.16,155.42,152.26
11/01/2022,153.46,4603597,153.82,153.98,152.87
10/31/2022,151.91,6097760,152.16,152.8721,151.89
10/28/2022,153.16,4645440,152.96,153.54,152.50
10/27/2022,154.74,3654871,154.715,155.09,154.22
10/26/2022,154.98,4451056,154.78,155.73,154.78
10/25/2022,154.00,3434053,153.96,154.79,153.83
10/24/2022,153.65,4673274,153.45,154.06,153.06
10/21/2022,154.15,6898351,151.98,154.31,151.83
10/20/2022,151.45,5019849,151.92,153.23,151.27
10/19/2022,151.69,8257060,152.09,152.49,151.54
10/18/2022,153.75,4528441,154.08,154.2393,153.24
10/17/2022,153.42,4348044,154.92,155.33,153.325
10/14/2022,152.98,5474648,154.02,154.1996,152.72
10/13/2022,154.91,7083767,153.48,155.73,152.92
10/12/2022,155.99,3998472,155.51,156.29,155.26
10/11/2022,155.16,5306673,155.49,156.81,154.92
10/10/2022,155.48,6110794,155.94,156.35,155.12
10/07/2022,157.88,5030041,158.46,158.98,157.68
10/06/2022,159.63,5712627,159.41,159.94,158.9511
10/05/2022,159.81,5296309,159.32,160.08,158.38
10/04/2022,160.70,8024496,159.18,161.08,158.92
10/03/2022,158.43,10362230,155.438,158.48,155.23
09/30/2022,154.67,6832430,154.94,156.045,154.57
09/29/2022,154.66,6317021,154.14,155.03,153.16
09/28/2022,154.69,8977243,153.20,154.88,152.93
09/27/2022,151.54,7151310,152.25,152.73,151.50
09/26/2022,151.23,8240501,153.22,153.51,151.0301
09/23/2022,153.01,9597991,153.90,154.00,152.64
09/22/2022,155.70,5975237,156.26,156.48,155.31
09/21/2022,155.79,7816071,155.97,157.25,154.01
09/20/2022,155.07,5943724,155.03,155.23,154.59
09/19/2022,155.96,5582767,154.87,156.04,154.815
09/16/2022,155.84,7141210,154.66,156.56,154.34
09/15/2022,154.98,13181200,156.76,157.485,154.62
09/14/2022,157.93,6091085,158.68,158.98,157.73
09/13/2022,158.54,6526388,158.47,159.2675,158.39
09/12/2022,160.63,4537530,161.04,161.62,160.55
09/09/2022,159.82,3927788,159.72,160.24,159.41
09/08/2022,158.98,4607118,159.54,159.86,158.7115
09/07/2022,159.94,3981410,158.15,160.15,158.08
09/06/2022,158.33,4863819,159.17,159.46,158.32
09/02/2022,159.26,5196908,159.35,160.06,159.14
09/01/2022,157.87,7390755,158.17,158.39,157.32
08/31/2022,159.27,5438641,159.50,160.575,159.255
08/30/2022,160.51,4856576,161.27,161.43,160.34
08/29/2022,161.86,4702256,161.88,162.62,161.70
08/26/2022,161.76,6689259,163.12,163.61,161.55
08/25/2022,163.75,2857488,163.97,163.985,163.24
08/24/2022,163.25,3202411,162.44,163.61,162.37
08/23/2022,162.77,4425075,161.96,163.43,161.91
08/22/2022,161.64,4458113,161.66,162.12,161.36
08/19/2022,162.72,8172954,163.65,163.74,162.615
08/18/2022,163.92,3646087,164.60,164.9125,163.545
08/17/2022,164.35,5569071,165.21,165.228,163.95
08/16/2022,165.42,4291529,165.31,165.72,165.18
08/15/2022,165.71,5236292,165.99,166.25,165.44
08/12/2022,167.87,5151653,167.17,167.94,166.83
08/11/2022,166.34,4445977,167.16,167.66,166.31
08/10/2022,166.78,4077274,167.3925,167.98,166.6201
08/09/2022,167.20,3205505,167.48,167.80,166.82
08/08/2022,166.69,3457314,166.03,166.8103,165.93
08/05/2022,165.29,6023291,164.99,165.84,164.87
08/04/2022,167.17,5502000,165.53,167.31,165.34
08/03/2022,164.45,4417759,164.77,164.91,163.475
08/02/2022,164.05,5725388,165.66,166.46,164.02
08/01/2022,165.03,4666912,164.98,165.41,164.41
07/29/2022,164.10,7537307,163.89,164.69,163.28
07/28/2022,163.64,5606353,163.31,163.76,162.88
07/27/2022,161.67,5709082,160.02,162.21,159.51
07/26/2022,160.04,2672764,160.23,160.50,159.79
07/25/2022,160.23,3713368,160.64,160.70,159.81
07/22/2022,160.67,5733753,160.55,162.13,160.35
07/21/2022,160.27,5863333,158.31,160.31,158.2699
07/20/2022,158.04,4795846,159.71,159.815,158.025
07/19/2022,159.54,3796198,159.47,159.87,159.33
07/18/2022,159.16,5791779,160.08,160.43,159.05
07/15/2022,159.01,6783785,159.01,159.25,158.35
07/14/2022,159.33,12213610,159.02,159.83,158.22
07/13/2022,161.60,8456636,160.10,162.705,160.06
07/12/2022,160.83,5375081,161.22,161.62,160.72
07/11/2022,161.43,4321663,161.93,162.435,161.3757
07/08/2022,162.30,4584112,162.35,163.38,161.84
07/07/2022,162.23,4588418,162.43,163.04,162.06
07/06/2022,162.14,11861140,164.32,164.57,161.47
07/05/2022,164.75,14035430,167.18,167.33,164.41
07/01/2022,168.32,11380330,167.135,168.68,166.96
06/30/2022,168.46,9144391,169.51,169.96,168.24
06/29/2022,169.49,4785576,170.58,170.70,169.17
06/28/2022,169.62,2984450,170.07,170.21,169.51
06/27/2022,169.90,5719684,170.595,170.67,169.75
06/24/2022,170.09,6143081,170.24,170.7401,169.85
06/23/2022,170.26,6535261,171.39,172.13,169.90
06/22/2022,171.31,6558656,171.61,172.30,171.10
06/21/2022,170.63,5608485,171.06,171.91,170.47
06/17/2022,171.27,7407223,172.15,172.30,170.97
06/16/2022,172.69,8823558,170.56,172.77,170.17
06/15/2022,170.77,9000294,170.40,171.84,169.08
06/14/2022,168.57,7347935,169.61,169.7309,168.30
06/13/2022,169.93,13265240,171.18,171.335,169.61
06/10/2022,174.54,16856140,170.89,174.94,170.46
06/09/2022,172.23,4701143,172.45,172.59,171.58
06/08/2022,172.78,5140816,172.89,173.45,172.67
06/07/2022,172.94,3860035,172.11,173.05,171.985
06/06/2022,171.82,3766042,172.81,172.89,171.65
06/03/2022,172.58,5519407,173.529,173.965,172.25
06/02/2022,174.35,5623129,173.66,174.45,173.49
06/01/2022,172.23,6946516,172.21,172.53,171.39
05/31/2022,171.14,6243967,172.71,173.07,171.08
05/27/2022,172.85,3847871,173.49,173.52,172.64
05/26/2022,172.76,6466982,172.13,172.93,171.76
05/25/2022,173.08,4595917,172.79,173.16,171.73
05/24/2022,174.13,6793991,173.47,174.41,173.35
05/23/2022,172.83,5518503,173.13,173.38,172.28
05/20/2022,172.03,6578056,171.71,172.24,170.89
05/19/2022,171.91,10580270,171.5489,172.5197,170.89
05/18/2022,169.42,7472850,169.01,170.21,168.81
05/17/2022,169.33,6441110,170.44,170.53,169.1409
05/16/2022,170.40,7319277,168.43,170.43,168.34
05/13/2022,168.79,13031060,168.312,169.62,168.01
05/12/2022,170.17,11626800,172.072,172.40,169.90
05/11/2022,172.82,9179592,172.51,173.32,172.20
05/10/2022,171.42,11010440,173.804,173.96,171.20
05/09/2022,172.88,10742410,174.27,174.27,172.79
05/06/2022,175.42,7643269,175.39,176.56,174.86
05/05/2022,175.13,12794160,177.56,177.61,174.66
05/04/2022,175.80,10491680,174.32,176.35,173.67
05/03/2022,174.09,7214348,173.89,175.205,173.85
05/02/2022,173.63,14318600,173.612,174.65,172.98
04/29/2022,176.91,7719702,178.067,178.615,176.71
04/28/2022,176.93,6384762,175.92,176.965,175.69
04/27/2022,175.98,8854721,176.456,176.64,175.50
04/26/2022,177.32,9042403,177.95,178.30,176.915
04/25/2022,177.05,13073690,177.17,177.51,176.48
04/22/2022,180.29,9146973,180.724,181.605,179.74
04/21/2022,182.06,9639834,181.77,182.32,180.775
04/20/2022,182.71,7038625,181.59,182.72,181.35
04/19/2022,181.82,12585620,183.19,183.6506,181.33
04/18/2022,184.61,8886690,185.95,186.10,184.39
04/14/2022,184.04,11567180,184.28,184.41,182.88
04/13/2022,184.65,8651635,184.50,184.94,184.13
04/12/2022,183.77,12024560,184.04,184.64,182.96
04/11/2022,182.37,10071320,183.17,183.33,181.11
04/08/2022,181.47,10655680,180.52,181.82,180.52
04/07/2022,180.34,10140590,179.87,180.88,179.80
04/06/2022,179.66,8942121,179.78,180.31,178.70
04/05/2022,179.24,10828530,180.91,181.49,178.93
04/04/2022,180.37,7063124,180.244,180.81,179.58
04/01/2022,179.50,13034400,179.5501,180.4599,178.98
03/31/2022,180.65,9844398,180.91,181.96,180.56
03/30/2022,180.58,8361286,179.76,180.92,179.6801
03/29/2022,179.14,10458930,177.02,179.33,176.69
03/28/2022,179.06,9489725,180.38,181.325,178.85
03/25/2022,182.38,7914035,181.81,183.13,181.35
03/24/2022,183.13,10970070,182.35,183.51,181.77
03/23/2022,181.81,12557270,180.29,181.89,179.76
03/22/2022,179.36,9621751,179.60,179.71,178.3231
03/21/2022,180.67,10582220,179.33,181.29,179.32
03/18/2022,179.30,13996450,179.93,180.93,179.035
03/17/2022,180.89,10954140,181.16,182.03,180.65
03/16/2022,180.01,17548090,179.13,180.115,176.87
03/15/2022,178.89,16962270,179.10,180.27,178.01
03/14/2022,182.30,13186390,183.03,183.29,181.95
03/11/2022,185.09,14824720,183.74,185.78,183.44
03/10/2022,186.40,18455210,186.88,187.38,184.99
03/09/2022,185.82,26839670,186.04,187.225,184.76
03/08/2022,191.51,47347680,188.35,193.30,188.26
03/07/2022,186.41,27951790,184.45,186.64,184.22
03/04/2022,183.68,22412090,182.114,183.98,181.36
03/03/2022,180.80,14826050,179.96,181.30,179.50
03/02/2022,179.73,19727190,180.13,180.71,178.788
03/01/2022,181.62,21942130,179.046,181.76,179.03
02/28/2022,178.38,16055840,178.86,178.99,176.50
02/25/2022,176.55,11530930,176.42,176.79,175.79
02/24/2022,177.14,32726000,182.59,182.60,175.27
02/23/2022,178.29,11772200,177.39,178.39,177.36
02/22/2022,177.49,14960490,177.67,178.07,176.8175
02/18/2022,177.12,12760660,177.07,177.25,176.51
02/17/2022,177.25,18612550,176.70,177.53,176.39
02/16/2022,174.86,12772070,173.49,174.86,173.48
02/15/2022,173.08,12607010,173.10,173.34,172.39
02/14/2022,174.74,13650700,173.78,175.00,173.68
02/11/2022,173.81,25741490,170.75,174.20,170.71
02/10/2022,170.56,10693520,170.52,171.99,170.46
02/09/2022,171.21,8002766,170.68,171.42,170.55
02/08/2022,170.63,5801993,170.10,170.78,169.95
02/07/2022,170.11,7796866,169.45,170.30,169.19
02/04/2022,168.86,9619611,168.04,169.10,167.99
02/03/2022,168.60,10650800,168.31,168.82,167.03
02/02/2022,168.84,9085285,168.34,169.12,168.155
02/01/2022,168.23,9763909,168.57,168.85,167.87
01/31/2022,168.09,8539265,167.79,168.14,167.46
01/28/2022,167.10,9782484,166.56,167.46,166.365
01/27/2022,167.60,15875310,168.02,169.09,167.325
01/26/2022,169.79,17799400,171.39,171.725,169.48
01/25/2022,172.58,17382100,171.95,173.1499,171.775
01/24/2022,172.03,15735970,171.78,172.14,170.85
01/21/2022,171.09,10982520,172.04,172.12,170.74
01/20/2022,171.65,9570477,172.31,172.5999,171.585
01/19/2022,172.08,15784480,170.3919,172.1895,170.20
01/18/2022,169.39,9323046,169.64,170.005,169.09
01/14/2022,169.67,7865900,170.22,170.56,169.4796
01/13/2022,170.16,7034202,170.09,170.22,169.27
01/12/2022,170.74,6280745,170.19,170.75,170.01
01/11/2022,170.29,8368980,168.44,170.31,168.37
01/10/2022,168.26,7026475,167.36,168.30,167.31
01/07/2022,167.75,8191936,167.37,168.01,166.86
01/06/2022,166.99,10902660,167.16,167.75,166.86
01/05/2022,169.06,8715585,170.62,170.93,168.90
01/04/2022,169.57,6965598,168.90,169.72,168.73
01/03/2022,168.33,9014423,168.86,169.01,168.00
12/31/2021,170.96,7039330,170.53,171.04,170.04
12/30/2021,169.80,5426311,168.43,169.81,168.37
12/29/2021,168.59,5889714,167.36,168.69,167.28
12/28/2021,168.64,4545714,169.33,169.65,168.62
12/27/2021,169.37,4763297,168.96,169.42,168.78
12/23/2021,168.97,4551124,168.69,169.16,168.01
12/22/2021,168.59,4672941,167.58,168.64,167.11
12/21/2021,167.02,4548504,167.69,167.7754,166.74
12/20/2021,167.09,6972959,167.88,168.00,167.06
12/17/2021,167.80,9867792,168.73,169.125,167.78
12/16/2021,168.16,11186200,167.01,168.18,166.94
12/15/2021,166.15,14231180,165.27,166.40,163.80
12/14/2021,165.44,8637879,165.34,166.14,165.16
12/13/2021,167.00,6610673,166.90,167.255,166.67
12/10/2021,166.58,6450614,166.72,166.915,166.18
12/09/2021,165.88,4913771,166.54,166.58,165.65
12/08/2021,166.90,4288935,166.51,166.96,166.28
12/07/2021,166.81,4900713,166.20,167.08,166.18
12/06/2021,166.22,4813624,166.14,166.80,165.93
12/03/2021,166.63,9507938,165.49,166.93,165.00
12/02/2021,165.24,9604118,165.89,165.9405,164.63
12/01/2021,166.16,7825484,166.84,167.47,166.06
11/30/2021,165.50,12925270,167.77,169.01,165.37
11/29/2021,166.62,7394940,166.84,167.255,166.38
11/26/2021,166.85,9605192,168.60,168.64,166.37
11/24/2021,167.12,5359457,166.583,167.44,166.32
11/23/2021,167.28,8053370,167.28,167.60,166.53
11/22/2021,168.74,13100510,169.90,170.44,168.42
11/19/2021,172.61,8787253,173.69,174.10,172.235
11/18/2021,173.94,6253445,173.96,174.36,173.53
11/17/2021,174.50,6523061,174.24,174.605,173.89
11/16/2021,172.92,8667323,173.97,174.48,172.86
11/15/2021,174.18,5630808,174.10,174.59,173.69
11/12/2021,174.45,7894848,173.51,174.67,173.40
11/11/2021,174.12,5959640,173.98,174.27,173.74
11/10/2021,173.15,11461780,173.67,174.65,172.11
11/09/2021,171.29,5781180,170.73,171.31,170.12
11/08/2021,170.45,4966135,170.43,170.70,170.06
11/05/2021,169.84,9368948,168.42,169.94,167.85
11/04/2021,167.65,6656097,167.51,168.14,167.37
11/03/2021,165.77,9055208,165.34,165.95,164.38
11/02/2021,167.16,3760736,167.43,167.63,166.963
11/01/2021,167.52,4975560,167.38,167.84,166.91
10/29/2021,166.65,7531872,166.29,166.73,165.64
10/28/2021,168.08,7000717,168.98,169.25,167.53
10/27/2021,168.12,5823080,167.73,168.20,166.86
10/26/2021,167.68,6658890,167.88,167.91,166.63
10/25/2021,168.93,4881346,168.66,169.21,168.53
10/22/2021,167.77,10703930,168.67,169.54,166.67
10/21/2021,166.75,4412389,166.70,166.94,166.24
10/20/2021,166.90,5022036,166.21,167.11,165.9258
10/19/2021,165.45,6588473,166.50,166.50,165.2001
10/18/2021,164.92,4029594,165.42,165.59,164.81
10/15/2021,165.33,8699223,165.39,166.09,165.10
10/14/2021,168.00,5083847,168.19,168.22,167.71
10/13/2021,167.59,11118290,165.28,167.92,165.28
10/12/2021,164.66,5453049,164.57,165.44,164.31
10/11/2021,163.92,3820087,164.04,164.58,163.91
10/08/2021,164.23,8536109,166.32,166.42,164.135
10/07/2021,164.16,4791505,164.02,164.8507,163.96
10/06/2021,165.03,6067156,164.23,165.06,164.1531
10/05/2021,164.59,5617283,163.94,164.85,163.49
10/04/2021,165.36,7651658,163.69,165.54,163.47
10/01/2021,164.59,6654686,164.27,164.96,163.885
09/30/2021,164.22,10574820,162.66,164.95,162.34
09/29/2021,161.32,8360656,162.35,162.74,160.97
09/28/2021,162.05,9282755,162.73,162.82,161.73
09/27/2021,163.64,4942989,163.85,164.3608,163.51
09/24/2021,163.30,6937521,163.00,164.00,162.74
09/23/2021,163.51,8451899,164.10,164.20,163.27
09/22/2021,165.42,9777794,165.89,167.15,165.03
09/21/2021,166.04,7181458,165.81,166.63,165.49
09/20/2021,164.94,7566577,164.29,165.28,164.07
09/17/2021,163.77,8369679,163.86,164.32,163.40
09/16/2021,164.03,11780400,164.38,164.44,163.233
09/15/2021,167.83,5624883,168.133,168.36,167.45
09/14/2021,168.82,7922917,168.22,169.16,167.48
09/13/2021,167.74,5474323,167.45,168.22,167.395
09/10/2021,167.18,7426272,167.81,168.08,167.145
09/09/2021,168.03,6641424,168.17,168.28,166.83
09/08/2021,167.29,6575990,168.02,168.08,166.70
09/07/2021,167.71,10007700,169.56,169.78,167.63
09/03/2021,171.06,8353646,170.59,171.55,170.15
09/02/2021,169.25,4601128,169.50,169.63,168.82
09/01/2021,169.70,4764866,169.94,170.00,169.16
08/31/2021,169.69,6336002,169.23,169.92,168.75
08/30/2021,169.35,3768628,169.66,169.835,169.09
08/27/2021,170.19,10036430,167.58,170.19,166.87
08/26/2021,167.67,4371866,167.21,168.21,166.83
08/25/2021,167.48,5588751,167.88,167.92,166.74
08/24/2021,168.65,4519173,169.04,169.27,168.52
08/23/2021,168.73,8190548,168.82,168.91,167.96
08/20/2021,166.70,7154348,166.80,167.14,166.36
08/19/2021,166.61,6934268,167.24,167.29,166.16
08/18/2021,167.10,7697931,167.24,167.51,166.26
08/17/2021,166.97,7106992,167.29,167.73,166.56
08/16/2021,167.22,7781796,166.73,167.39,166.59
08/13/2021,166.39,7466887,165.02,166.46,164.89
08/12/2021,164.04,5222080,163.65,164.10,162.9335
08/11/2021,164.00,7382417,163.15,164.17,162.68
08/10/2021,161.77,6870766,161.39,162.11,160.68
08/09/2021,161.72,11546970,163.01,163.295,161.26
08/06/2021,164.64,13547640,165.84,165.93,164.55
08/05/2021,168.86,7893245,169.37,169.4371,168.203
08/04/2021,169.53,9796349,171.28,171.40,168.99
08/03/2021,169.49,5402340,169.42,169.83,169.21
08/02/2021,169.61,10783240,169.30,170.245,169.10
07/30/2021,169.82,7391706,170.72,170.99,169.38
07/29/2021,171.17,8119591,170.70,171.52,170.67
07/28/2021,169.29,7905846,168.26,169.38,167.72
07/27/2021,168.44,6300183,168.73,168.905,167.93
07/26/2021,168.16,5229817,168.58,168.86,168.08
07/23/2021,168.56,5831463,168.50,168.88,167.95
07/22/2021,169.09,4793605,168.49,169.191,168.06
07/21/2021,168.76,4622581,168.33,169.00,168.14
07/20/2021,169.39,6540058,170.51,170.80,168.92
07/19/2021,169.61,6707365,169.51,169.91,168.89
07/16/2021,169.41,9460348,170.65,170.95,169.28
07/15/2021,171.07,6520126,170.89,171.30,170.34
07/14/2021,171.04,8830335,170.91,171.04,170.28
07/13/2021,169.22,7040277,169.51,169.90,168.93
07/12/2021,169.00,7315422,168.70,169.16,167.64
07/09/2021,169.21,4997398,168.84,169.62,168.66
07/08/2021,168.65,7244275,169.82,169.855,167.91
07/07/2021,168.76,7108909,168.72,169.23,168.19
07/06/2021,168.12,7932050,169.27,169.65,167.54
07/02/2021,167.29,7873574,167.35,167.715,166.40
07/01/2021,166.20,7430497,166.65,166.88,165.50
06/30/2021,165.63,7955839,164.57,166.10,164.29
06/29/2021,164.83,7451415,164.34,165.2782,164.01
06/28/2021,166.58,6508902,166.68,166.91,166.3575
06/25/2021,166.59,7473679,167.45,167.525,166.29
06/24/2021,166.04,6903352,167.00,167.23,166.01
06/23/2021,166.14,8474276,166.97,168.03,165.97
06/22/2021,166.25,7223919,166.35,166.915,166.01
06/21/2021,166.95,8370991,166.52,167.2218,166.00
06/18/2021,164.93,15744310,166.14,166.72,164.87
06/17/2021,165.85,27232240,167.02,167.615,165.44
06/16/2021,171.11,16919750,173.91,174.465,171.03
06/15/2021,174.05,7550154,174.78,174.915,173.34
06/14/2021,174.71,7733645,173.16,175.06,172.95
06/11/2021,175.74,7836860,176.33,176.57,175.48
06/10/2021,177.74,9896612,176.70,177.85,176.48
06/09/2021,176.98,6346094,177.38,177.80,176.78
06/08/2021,177.32,5905832,177.23,177.54,176.37
06/07/2021,177.87,7709094,176.96,177.90,176.63
06/04/2021,177.16,8375264,176.65,177.57,176.61
06/03/2021,175.27,10153900,175.83,175.83,174.66
06/02/2021,178.77,6613106,178.34,178.78,177.97
06/01/2021,177.90,9143250,178.76,178.85,177.19
05/28/2021,178.38,9968324,177.46,178.43,177.2411
05/27/2021,177.71,7992951,177.39,177.82,176.81
05/26/2021,177.64,8495383,178.368,178.61,177.04
05/25/2021,177.95,8986945,176.15,177.95,176.04
05/24/2021,176.35,5557339,176.15,176.59,175.87
05/21/2021,176.04,7677190,176.58,176.8602,175.145
05/20/2021,175.96,9802799,175.32,176.46,175.11
05/19/2021,175.16,20741110,175.14,177.00,174.345
05/18/2021,175.04,7294010,175.18,175.21,174.46
05/17/2021,174.70,11940700,173.30,175.00,173.28
05/14/2021,172.69,9686777,172.05,172.70,171.82
05/13/2021,171.13,8078266,170.35,171.27,170.225
05/12/2021,170.43,12666260,171.432,171.835,170.345
05/11/2021,172.14,8348213,170.558,172.17,170.27
05/10/2021,172.11,8276584,172.74,172.84,171.78
05/07/2021,171.59,14748630,171.53,172.5501,171.00
05/06/2021,170.06,13574070,167.95,170.29,167.92
05/05/2021,167.27,3174181,166.63,167.31,166.61
05/04/2021,166.58,10267410,167.69,168.55,165.50
05/03/2021,167.81,9014708,167.61,168.43,167.41
04/30/2021,165.66,6248711,165.86,166.00,165.24
04/29/2021,166.22,9067627,165.58,166.26,164.47
04/28/2021,166.91,6932217,165.75,166.96,165.49
04/27/2021,166.42,5363499,166.92,167.15,166.28
04/26/2021,166.84,4786613,166.63,166.865,166.05
04/23/2021,166.40,7107484,167.37,167.53,165.78
04/22/2021,167.04,7680140,167.11,167.53,166.4901
04/21/2021,168.13,8380178,167.18,168.39,167.15
04/20/2021,166.48,6531979,165.65,166.81,165.62
04/19/2021,165.89,5721727,165.91,166.44,165.72
04/16/2021,166.35,10057600,166.24,166.811,165.94
04/15/2021,165.35,8250646,164.07,165.79,164.03
04/14/2021,162.72,6312296,162.77,163.05,162.30
04/13/2021,163.43,6995903,163.18,163.85,163.03
04/12/2021,162.28,4896669,162.73,162.80,161.81
04/09/2021,163.27,6657898,162.75,163.66,162.48
04/08/2021,164.51,6574524,164.168,164.77,164.14
04/07/2021,162.76,5436014,162.82,163.31,162.50
04/06/2021,163.22,6761166,162.79,163.53,162.75
04/05/2021,161.92,6163799,161.52,162.4047,161.36
04/01/2021,161.98,7105228,161.56,162.11,161.28
03/31/2021,159.96,10623770,158.06,160.68,158.05
03/30/2021,157.57,8353246,157.94,158.20,157.55
03/29/2021,160.31,8409316,161.46,161.52,159.83
03/26/2021,162.24,6153894,161.71,162.73,161.6499
03/25/2021,161.78,8398596,163.0599,163.5799,161.32
03/24/2021,162.37,6183666,162.21,162.89,161.94
03/23/2021,161.81,6048301,162.45,162.49,161.592
03/22/2021,163.00,5239970,162.27,163.13,162.16
03/19/2021,163.24,6868892,162.56,163.43,162.4299
03/18/2021,162.56,8731762,161.15,162.82,161.11
03/17/2021,163.51,12626690,162.268,164.15,161.48
03/16/2021,162.35,7547417,162.36,163.20,161.81
03/15/2021,162.20,8110140,162.305,162.55,161.43
03/12/2021,161.49,8608514,159.54,161.69,159.35
03/11/2021,161.52,6749209,161.47,161.98,161.12
03/10/2021,161.66,7962003,161.06,161.78,160.66
03/09/2021,160.84,10382560,160.75,161.2521,160.415
03/08/2021,157.49,12134850,158.58,158.74,157.1297
03/05/2021,159.14,12068140,159.66,159.82,158.55
03/04/2021,159.04,13870080,160.60,161.455,158.43
03/03/2021,160.62,13059940,160.61,161.69,159.485
03/02/2021,162.41,11424610,161.93,162.925,161.22
03/01/2021,161.53,13828350,163.03,163.35,161.16
02/26/2021,161.81,23730390,165.00,165.10,160.95
02/25/2021,165.82,16359420,166.92,167.66,165.45
02/24/2021,169.00,8890612,167.65,169.14,167.15
02/23/2021,169.12,8616789,169.48,169.74,168.28
02/22/2021,169.51,10083290,168.54,169.89,168.30
02/19/2021,167.01,8273502,166.76,167.94,166.60
02/18/2021,166.32,7498157,166.98,167.30,165.73
02/17/2021,166.33,11425420,166.92,167.34,165.85
02/16/2021,168.24,14761090,168.14,170.065,167.73
02/12/2021,170.69,6018930,170.29,171.65,169.88
02/11/2021,171.21,5994522,172.70,172.871,170.71
02/10/2021,172.71,6112812,173.15,173.22,172.01
02/09/2021,172.08,5131799,172.57,173.03,171.75
02/08/2021,171.52,6887535,171.98,172.40,171.49
02/05/2021,169.81,6538458,168.99,170.18,168.67
02/04/2021,168.15,13736620,168.29,168.395,167.34
02/03/2021,171.85,4658060,172.36,172.5901,171.50
02/02/2021,172.11,7221689,172.49,172.53,171.51
02/01/2021,174.23,9079082,175.02,175.26,174.06
