,date,ticker,rate
0,2024-02-09,1YR,4.86
1,2024-02-09,5YR,4.14
2,2024-02-09,10YR,4.17
3,2024-02-12,1YR,4.87
4,2024-02-12,5YR,4.13
5,2024-02-12,10YR,4.17
6,2024-02-13,1YR,4.99
7,2024-02-13,5YR,4.31
8,2024-02-13,10YR,4.31
9,2024-02-14,1YR,4.94
10,2024-02-14,5YR,4.25
11,2024-02-14,10YR,4.27
12,2024-02-15,1YR,4.93
13,2024-02-15,5YR,4.22
14,2024-02-15,10YR,4.24
15,2024-02-16,1YR,4.98
16,2024-02-16,5YR,4.29
17,2024-02-16,10YR,4.3
18,2024-02-20,1YR,4.97
19,2024-02-20,5YR,4.25
20,2024-02-20,10YR,4.27
21,2024-02-21,1YR,4.98
22,2024-02-21,5YR,4.3
23,2024-02-21,10YR,4.32
24,2024-02-22,1YR,5.02
25,2024-02-22,5YR,4.33
26,2024-02-22,10YR,4.33
27,2024-02-23,1YR,5.0
28,2024-02-23,5YR,4.28
29,2024-02-23,10YR,4.26
30,2024-02-26,1YR,5.03
31,2024-02-26,5YR,4.29
32,2024-02-26,10YR,4.28
33,2024-02-27,1YR,5.03
34,2024-02-27,5YR,4.32
35,2024-02-27,10YR,4.31
36,2024-02-28,1YR,5.0
37,2024-02-28,5YR,4.26
38,2024-02-28,10YR,4.27
39,2024-02-29,1YR,5.01
40,2024-02-29,5YR,4.26
41,2024-02-29,10YR,4.25
42,2024-03-01,1YR,4.94
43,2024-03-01,5YR,4.17
44,2024-03-01,10YR,4.19
45,2024-03-04,1YR,4.98
46,2024-03-04,5YR,4.21
47,2024-03-04,10YR,4.22
48,2024-03-05,1YR,4.94
49,2024-03-05,5YR,4.13
50,2024-03-05,10YR,4.13
51,2024-03-06,1YR,4.95
52,2024-03-06,5YR,4.12
53,2024-03-06,10YR,4.11
54,2024-03-07,1YR,4.93
55,2024-03-07,5YR,4.07
56,2024-03-07,10YR,4.09
57,2024-03-08,1YR,4.92
58,2024-03-08,5YR,4.06
59,2024-03-08,10YR,4.09
60,2024-03-11,1YR,4.95
61,2024-03-11,5YR,4.08
62,2024-03-11,10YR,4.1
63,2024-03-12,1YR,5.0
64,2024-03-12,5YR,4.15
65,2024-03-12,10YR,4.16
66,2024-03-13,1YR,5.01
67,2024-03-13,5YR,4.19
68,2024-03-13,10YR,4.19
69,2024-03-14,1YR,5.04
70,2024-03-14,5YR,4.29
71,2024-03-14,10YR,4.29
72,2024-03-15,1YR,5.05
73,2024-03-15,5YR,4.33
74,2024-03-15,10YR,4.31
75,2024-03-18,1YR,5.06
76,2024-03-18,5YR,4.36
77,2024-03-18,10YR,4.34
78,2024-03-19,1YR,5.06
79,2024-03-19,5YR,4.31
80,2024-03-19,10YR,4.3
81,2024-03-20,1YR,5.01
82,2024-03-20,5YR,4.25
83,2024-03-20,10YR,4.27
84,2024-03-21,1YR,5.01
85,2024-03-21,5YR,4.26
86,2024-03-21,10YR,4.27
87,2024-03-22,1YR,4.98
88,2024-03-22,5YR,4.2
89,2024-03-22,10YR,4.22
90,2024-03-25,1YR,5.0
91,2024-03-25,5YR,4.23
92,2024-03-25,10YR,4.25
93,2024-03-26,1YR,5.0
94,2024-03-26,5YR,4.22
95,2024-03-26,10YR,4.24
96,2024-03-27,1YR,4.99
97,2024-03-27,5YR,4.18
98,2024-03-27,10YR,4.2
99,2024-03-28,1YR,5.03
100,2024-03-28,5YR,4.21
101,2024-03-28,10YR,4.2
102,2024-04-01,1YR,5.06
103,2024-04-01,5YR,4.34
104,2024-04-01,10YR,4.33
105,2024-04-02,1YR,5.05
106,2024-04-02,5YR,4.35
107,2024-04-02,10YR,4.36
108,2024-04-03,1YR,5.03
109,2024-04-03,5YR,4.34
110,2024-04-03,10YR,4.36
111,2024-04-04,1YR,5.0
112,2024-04-04,5YR,4.3
113,2024-04-04,10YR,4.31
114,2024-04-05,1YR,5.05
115,2024-04-05,5YR,4.38
116,2024-04-05,10YR,4.39
117,2024-04-08,1YR,5.07
118,2024-04-08,5YR,4.43
119,2024-04-08,10YR,4.42
120,2024-04-09,1YR,5.03
121,2024-04-09,5YR,4.37
122,2024-04-09,10YR,4.36
123,2024-04-10,1YR,5.19
124,2024-04-10,5YR,4.61
125,2024-04-10,10YR,4.55
126,2024-04-11,1YR,5.17
127,2024-04-11,5YR,4.61
128,2024-04-11,10YR,4.56
129,2024-04-12,1YR,5.13
130,2024-04-12,5YR,4.54
131,2024-04-12,10YR,4.5
132,2024-04-15,1YR,5.16
133,2024-04-15,5YR,4.65
134,2024-04-15,10YR,4.63
135,2024-04-16,1YR,5.18
136,2024-04-16,5YR,4.69
137,2024-04-16,10YR,4.67
138,2024-04-17,1YR,5.16
139,2024-04-17,5YR,4.62
140,2024-04-17,10YR,4.59
141,2024-04-18,1YR,5.18
142,2024-04-18,5YR,4.68
143,2024-04-18,10YR,4.64
144,2024-04-19,1YR,5.17
145,2024-04-19,5YR,4.66
146,2024-04-19,10YR,4.62
147,2024-04-22,1YR,5.16
148,2024-04-22,5YR,4.66
149,2024-04-22,10YR,4.62
150,2024-04-23,1YR,5.14
151,2024-04-23,5YR,4.63
152,2024-04-23,10YR,4.61
153,2024-04-24,1YR,5.17
154,2024-04-24,5YR,4.64
155,2024-04-24,10YR,4.65
156,2024-04-25,1YR,5.21
157,2024-04-25,5YR,4.7
158,2024-04-25,10YR,4.7
159,2024-04-26,1YR,5.21
160,2024-04-26,5YR,4.68
161,2024-04-26,10YR,4.67
162,2024-04-29,1YR,5.2
163,2024-04-29,5YR,4.65
164,2024-04-29,10YR,4.63
165,2024-04-30,1YR,5.25
166,2024-04-30,5YR,4.72
167,2024-04-30,10YR,4.69
168,2024-05-01,1YR,5.21
169,2024-05-01,5YR,4.64
170,2024-05-01,10YR,4.63
171,2024-05-02,1YR,5.16
172,2024-05-02,5YR,4.57
173,2024-05-02,10YR,4.58
174,2024-05-03,1YR,5.12
175,2024-05-03,5YR,4.48
176,2024-05-03,10YR,4.5
177,2024-05-06,1YR,5.12
178,2024-05-06,5YR,4.48
179,2024-05-06,10YR,4.49
180,2024-05-07,1YR,5.13
181,2024-05-07,5YR,4.48
182,2024-05-07,10YR,4.47
183,2024-05-08,1YR,5.13
184,2024-05-08,5YR,4.5
185,2024-05-08,10YR,4.48
186,2024-05-09,1YR,5.12
187,2024-05-09,5YR,4.47
188,2024-05-09,10YR,4.45
189,2024-05-10,1YR,5.17
190,2024-05-10,5YR,4.52
191,2024-05-10,10YR,4.5
192,2024-05-13,1YR,5.16
193,2024-05-13,5YR,4.5
194,2024-05-13,10YR,4.48
195,2024-05-14,1YR,5.16
196,2024-05-14,5YR,4.46
197,2024-05-14,10YR,4.45
198,2024-05-15,1YR,5.1
199,2024-05-15,5YR,4.35
200,2024-05-15,10YR,4.36
201,2024-05-16,1YR,5.13
202,2024-05-16,5YR,4.4
203,2024-05-16,10YR,4.38
204,2024-05-17,1YR,5.14
205,2024-05-17,5YR,4.44
206,2024-05-17,10YR,4.42
207,2024-05-20,1YR,5.15
208,2024-05-20,5YR,4.46
209,2024-05-20,10YR,4.44
210,2024-05-21,1YR,5.14
211,2024-05-21,5YR,4.43
212,2024-05-21,10YR,4.41
213,2024-05-22,1YR,5.16
214,2024-05-22,5YR,4.47
215,2024-05-22,10YR,4.43
216,2024-05-23,1YR,5.2
217,2024-05-23,5YR,4.52
218,2024-05-23,10YR,4.47
219,2024-05-24,1YR,5.21
220,2024-05-24,5YR,4.53
221,2024-05-24,10YR,4.46
222,2024-05-28,1YR,5.21
223,2024-05-28,5YR,4.56
224,2024-05-28,10YR,4.54
225,2024-05-29,1YR,5.22
226,2024-05-29,5YR,4.63
227,2024-05-29,10YR,4.61
228,2024-05-30,1YR,5.19
229,2024-05-30,5YR,4.57
230,2024-05-30,10YR,4.55
231,2024-05-31,1YR,5.18
232,2024-05-31,5YR,4.52
233,2024-05-31,10YR,4.51
234,2024-06-03,1YR,5.14
235,2024-06-03,5YR,4.42
236,2024-06-03,10YR,4.41
237,2024-06-04,1YR,5.11
238,2024-06-04,5YR,4.35
239,2024-06-04,10YR,4.33
240,2024-06-05,1YR,5.08
241,2024-06-05,5YR,4.31
242,2024-06-05,10YR,4.29
243,2024-06-06,1YR,5.08
244,2024-06-06,5YR,4.29
245,2024-06-06,10YR,4.28
246,2024-06-07,1YR,5.17
247,2024-06-07,5YR,4.46
248,2024-06-07,10YR,4.43
249,2024-06-10,1YR,5.16
250,2024-06-10,5YR,4.48
251,2024-06-10,10YR,4.47
252,2024-06-11,1YR,5.17
253,2024-06-11,5YR,4.41
254,2024-06-11,10YR,4.39
255,2024-06-12,1YR,5.13
256,2024-06-12,5YR,4.32
257,2024-06-12,10YR,4.31
258,2024-06-13,1YR,5.07
259,2024-06-13,5YR,4.24
260,2024-06-13,10YR,4.24
261,2024-06-14,1YR,5.07
262,2024-06-14,5YR,4.22
263,2024-06-14,10YR,4.2
264,2024-06-17,1YR,5.11
265,2024-06-17,5YR,4.3
266,2024-06-17,10YR,4.28
267,2024-06-18,1YR,5.09
268,2024-06-18,5YR,4.24
269,2024-06-18,10YR,4.22
270,2024-06-20,1YR,5.1
271,2024-06-20,5YR,4.26
272,2024-06-20,10YR,4.25
273,2024-06-21,1YR,5.1
274,2024-06-21,5YR,4.26
275,2024-06-21,10YR,4.25
276,2024-06-24,1YR,5.1
277,2024-06-24,5YR,4.27
278,2024-06-24,10YR,4.25
279,2024-06-25,1YR,5.1
280,2024-06-25,5YR,4.25
281,2024-06-25,10YR,4.23
282,2024-06-26,1YR,5.13
283,2024-06-26,5YR,4.32
284,2024-06-26,10YR,4.32
285,2024-06-27,1YR,5.1
286,2024-06-27,5YR,4.29
287,2024-06-27,10YR,4.29
288,2024-06-28,1YR,5.09
289,2024-06-28,5YR,4.33
290,2024-06-28,10YR,4.36
291,2024-07-01,1YR,5.1
292,2024-07-01,5YR,4.44
293,2024-07-01,10YR,4.48
294,2024-07-02,1YR,5.07
295,2024-07-02,5YR,4.39
296,2024-07-02,10YR,4.43
297,2024-07-03,1YR,5.04
298,2024-07-03,5YR,4.33
299,2024-07-03,10YR,4.36
300,2024-07-05,1YR,4.98
301,2024-07-05,5YR,4.22
302,2024-07-05,10YR,4.28
303,2024-07-08,1YR,4.99
304,2024-07-08,5YR,4.23
305,2024-07-08,10YR,4.28
306,2024-07-09,1YR,5.02
307,2024-07-09,5YR,4.24
308,2024-07-09,10YR,4.3
309,2024-07-10,1YR,5.01
310,2024-07-10,5YR,4.24
311,2024-07-10,10YR,4.28
312,2024-07-11,1YR,4.91
313,2024-07-11,5YR,4.13
314,2024-07-11,10YR,4.2
315,2024-07-12,1YR,4.87
316,2024-07-12,5YR,4.1
317,2024-07-12,10YR,4.18
318,2024-07-15,1YR,4.85
319,2024-07-15,5YR,4.13
320,2024-07-15,10YR,4.23
321,2024-07-16,1YR,4.85
322,2024-07-16,5YR,4.09
323,2024-07-16,10YR,4.17
324,2024-07-17,1YR,4.85
325,2024-07-17,5YR,4.07
326,2024-07-17,10YR,4.16
327,2024-07-18,1YR,4.86
328,2024-07-18,5YR,4.11
329,2024-07-18,10YR,4.2
330,2024-07-19,1YR,4.87
331,2024-07-19,5YR,4.16
332,2024-07-19,10YR,4.25
333,2024-07-22,1YR,4.88
334,2024-07-22,5YR,4.17
335,2024-07-22,10YR,4.26
336,2024-07-23,1YR,4.85
337,2024-07-23,5YR,4.15
338,2024-07-23,10YR,4.25
339,2024-07-24,1YR,4.82
340,2024-07-24,5YR,4.12
341,2024-07-24,10YR,4.28
342,2024-07-25,1YR,4.83
343,2024-07-25,5YR,4.13
344,2024-07-25,10YR,4.27
345,2024-07-26,1YR,4.79
346,2024-07-26,5YR,4.06
347,2024-07-26,10YR,4.2
348,2024-07-29,1YR,4.79
349,2024-07-29,5YR,4.05
350,2024-07-29,10YR,4.17
351,2024-07-30,1YR,4.78
352,2024-07-30,5YR,4.03
353,2024-07-30,10YR,4.15
354,2024-07-31,1YR,4.73
355,2024-07-31,5YR,3.97
356,2024-07-31,10YR,4.09
357,2024-08-01,1YR,4.62
358,2024-08-01,5YR,3.84
359,2024-08-01,10YR,3.99
360,2024-08-02,1YR,4.33
361,2024-08-02,5YR,3.62
362,2024-08-02,10YR,3.8
363,2024-08-05,1YR,4.34
364,2024-08-05,5YR,3.62
365,2024-08-05,10YR,3.78
366,2024-08-06,1YR,4.46
367,2024-08-06,5YR,3.73
368,2024-08-06,10YR,3.9
369,2024-08-07,1YR,4.45
370,2024-08-07,5YR,3.79
371,2024-08-07,10YR,3.96
372,2024-08-08,1YR,4.48
373,2024-08-08,5YR,3.83
374,2024-08-08,10YR,3.99
375,2024-08-09,1YR,4.5
376,2024-08-09,5YR,3.8
377,2024-08-09,10YR,3.94
378,2024-08-12,1YR,4.47
379,2024-08-12,5YR,3.75
380,2024-08-12,10YR,3.9
381,2024-08-13,1YR,4.4
382,2024-08-13,5YR,3.68
383,2024-08-13,10YR,3.85
384,2024-08-14,1YR,4.42
385,2024-08-14,5YR,3.67
386,2024-08-14,10YR,3.83
387,2024-08-15,1YR,4.52
388,2024-08-15,5YR,3.79
389,2024-08-15,10YR,3.92
390,2024-08-16,1YR,4.49
391,2024-08-16,5YR,3.77
392,2024-08-16,10YR,3.89
393,2024-08-19,1YR,4.48
394,2024-08-19,5YR,3.75
395,2024-08-19,10YR,3.86
396,2024-08-20,1YR,4.43
397,2024-08-20,5YR,3.7
398,2024-08-20,10YR,3.82
399,2024-08-21,1YR,4.36
400,2024-08-21,5YR,3.64
401,2024-08-21,10YR,3.79
402,2024-08-22,1YR,4.43
403,2024-08-22,5YR,3.72
404,2024-08-22,10YR,3.86
405,2024-08-23,1YR,4.36
406,2024-08-23,5YR,3.65
407,2024-08-23,10YR,3.81
408,2024-08-26,1YR,4.38
409,2024-08-26,5YR,3.66
410,2024-08-26,10YR,3.82
411,2024-08-27,1YR,4.34
412,2024-08-27,5YR,3.66
413,2024-08-27,10YR,3.83
414,2024-08-28,1YR,4.36
415,2024-08-28,5YR,3.63
416,2024-08-28,10YR,3.84
417,2024-08-29,1YR,4.38
418,2024-08-29,5YR,3.66
419,2024-08-29,10YR,3.87
420,2024-08-30,1YR,4.38
421,2024-08-30,5YR,3.71
422,2024-08-30,10YR,3.91
423,2024-09-03,1YR,4.35
424,2024-09-03,5YR,3.65
425,2024-09-03,10YR,3.84
426,2024-09-04,1YR,4.23
427,2024-09-04,5YR,3.56
428,2024-09-04,10YR,3.77
429,2024-09-05,1YR,4.21
430,2024-09-05,5YR,3.54
431,2024-09-05,10YR,3.73
432,2024-09-06,1YR,4.1
433,2024-09-06,5YR,3.5
434,2024-09-06,10YR,3.72
435,2024-09-09,1YR,4.12
436,2024-09-09,5YR,3.49
437,2024-09-09,10YR,3.7
438,2024-09-10,1YR,4.07
439,2024-09-10,5YR,3.43
440,2024-09-10,10YR,3.65
441,2024-09-11,1YR,4.12
442,2024-09-11,5YR,3.45
443,2024-09-11,10YR,3.65
444,2024-09-12,1YR,4.09
445,2024-09-12,5YR,3.47
446,2024-09-12,10YR,3.68
447,2024-09-13,1YR,4.0
448,2024-09-13,5YR,3.43
449,2024-09-13,10YR,3.66
450,2024-09-16,1YR,3.96
451,2024-09-16,5YR,3.41
452,2024-09-16,10YR,3.63
453,2024-09-17,1YR,3.99
454,2024-09-17,5YR,3.44
455,2024-09-17,10YR,3.65
456,2024-09-18,1YR,3.95
457,2024-09-18,5YR,3.47
458,2024-09-18,10YR,3.7
459,2024-09-19,1YR,3.93
460,2024-09-19,5YR,3.49
461,2024-09-19,10YR,3.73
462,2024-09-20,1YR,3.92
463,2024-09-20,5YR,3.48
464,2024-09-20,10YR,3.73
465,2024-09-23,1YR,3.91
466,2024-09-23,5YR,3.51
467,2024-09-23,10YR,3.75
468,2024-09-24,1YR,3.88
469,2024-09-24,5YR,3.47
470,2024-09-24,10YR,3.74
471,2024-09-25,1YR,3.89
472,2024-09-25,5YR,3.52
473,2024-09-25,10YR,3.79
474,2024-09-26,1YR,3.96
475,2024-09-26,5YR,3.55
476,2024-09-26,10YR,3.79
477,2024-09-27,1YR,3.9
478,2024-09-27,5YR,3.5
479,2024-09-27,10YR,3.75
480,2024-09-30,1YR,3.98
481,2024-09-30,5YR,3.58
482,2024-09-30,10YR,3.81
483,2024-10-01,1YR,3.96
484,2024-10-01,5YR,3.51
485,2024-10-01,10YR,3.74
486,2024-10-02,1YR,3.97
487,2024-10-02,5YR,3.55
488,2024-10-02,10YR,3.79
489,2024-10-03,1YR,4.02
490,2024-10-03,5YR,3.62
491,2024-10-03,10YR,3.85
492,2024-10-04,1YR,4.2
493,2024-10-04,5YR,3.81
494,2024-10-04,10YR,3.98
495,2024-10-07,1YR,4.24
496,2024-10-07,5YR,3.86
497,2024-10-07,10YR,4.03
498,2024-10-08,1YR,4.21
499,2024-10-08,5YR,3.86
500,2024-10-08,10YR,4.04
501,2024-10-09,1YR,4.24
502,2024-10-09,5YR,3.91
503,2024-10-09,10YR,4.06
504,2024-10-10,1YR,4.22
505,2024-10-10,5YR,3.91
506,2024-10-10,10YR,4.09
507,2024-10-11,1YR,4.18
508,2024-10-11,5YR,3.88
509,2024-10-11,10YR,4.08
510,2024-10-15,1YR,4.18
511,2024-10-15,5YR,3.86
512,2024-10-15,10YR,4.03
513,2024-10-16,1YR,4.17
514,2024-10-16,5YR,3.84
515,2024-10-16,10YR,4.02
516,2024-10-17,1YR,4.21
517,2024-10-17,5YR,3.9
518,2024-10-17,10YR,4.09
519,2024-10-18,1YR,4.19
520,2024-10-18,5YR,3.88
521,2024-10-18,10YR,4.08
522,2024-10-21,1YR,4.24
523,2024-10-21,5YR,3.98
524,2024-10-21,10YR,4.19
525,2024-10-22,1YR,4.24
526,2024-10-22,5YR,4.0
527,2024-10-22,10YR,4.2
528,2024-10-23,1YR,4.27
529,2024-10-23,5YR,4.05
530,2024-10-23,10YR,4.24
531,2024-10-24,1YR,4.25
532,2024-10-24,5YR,4.03
533,2024-10-24,10YR,4.21
534,2024-10-25,1YR,4.29
535,2024-10-25,5YR,4.07
536,2024-10-25,10YR,4.25
537,2024-10-28,1YR,4.28
538,2024-10-28,5YR,4.11
539,2024-10-28,10YR,4.28
540,2024-10-29,1YR,4.29
541,2024-10-29,5YR,4.11
542,2024-10-29,10YR,4.28
543,2024-10-30,1YR,4.28
544,2024-10-30,5YR,4.14
545,2024-10-30,10YR,4.29
546,2024-10-31,1YR,4.27
547,2024-10-31,5YR,4.15
548,2024-10-31,10YR,4.28
549,2024-11-01,1YR,4.28
550,2024-11-01,5YR,4.22
551,2024-11-01,10YR,4.37
552,2024-11-04,1YR,4.25
553,2024-11-04,5YR,4.17
554,2024-11-04,10YR,4.31
555,2024-11-05,1YR,4.27
556,2024-11-05,5YR,4.16
557,2024-11-05,10YR,4.26
558,2024-11-06,1YR,4.31
559,2024-11-06,5YR,4.27
560,2024-11-06,10YR,4.42
561,2024-11-07,1YR,4.28
562,2024-11-07,5YR,4.17
563,2024-11-07,10YR,4.31
564,2024-11-08,1YR,4.32
565,2024-11-08,5YR,4.2
566,2024-11-08,10YR,4.3
567,2024-11-12,1YR,4.38
568,2024-11-12,5YR,4.32
569,2024-11-12,10YR,4.43
570,2024-11-13,1YR,4.31
571,2024-11-13,5YR,4.3
572,2024-11-13,10YR,4.44
573,2024-11-14,1YR,4.36
574,2024-11-14,5YR,4.32
575,2024-11-14,10YR,4.43
576,2024-11-15,1YR,4.34
577,2024-11-15,5YR,4.3
578,2024-11-15,10YR,4.43
579,2024-11-18,1YR,4.33
580,2024-11-18,5YR,4.28
581,2024-11-18,10YR,4.42
582,2024-11-19,1YR,4.34
583,2024-11-19,5YR,4.25
584,2024-11-19,10YR,4.39
585,2024-11-20,1YR,4.37
586,2024-11-20,5YR,4.28
587,2024-11-20,10YR,4.41
588,2024-11-21,1YR,4.39
589,2024-11-21,5YR,4.3
590,2024-11-21,10YR,4.43
591,2024-11-22,1YR,4.42
592,2024-11-22,5YR,4.3
593,2024-11-22,10YR,4.41
594,2024-11-25,1YR,4.37
595,2024-11-25,5YR,4.17
596,2024-11-25,10YR,4.27
597,2024-11-26,1YR,4.37
598,2024-11-26,5YR,4.17
599,2024-11-26,10YR,4.3
600,2024-11-27,1YR,4.34
601,2024-11-27,5YR,4.11
602,2024-11-27,10YR,4.25
603,2024-11-29,1YR,4.3
604,2024-11-29,5YR,4.05
605,2024-11-29,10YR,4.18
606,2024-12-02,1YR,4.3
607,2024-12-02,5YR,4.08
608,2024-12-02,10YR,4.19
609,2024-12-03,1YR,4.27
610,2024-12-03,5YR,4.11
611,2024-12-03,10YR,4.23
612,2024-12-04,1YR,4.23
613,2024-12-04,5YR,4.07
614,2024-12-04,10YR,4.19
615,2024-12-05,1YR,4.23
616,2024-12-05,5YR,4.07
617,2024-12-05,10YR,4.17
618,2024-12-06,1YR,4.19
619,2024-12-06,5YR,4.03
620,2024-12-06,10YR,4.15
621,2024-12-09,1YR,4.2
622,2024-12-09,5YR,4.07
623,2024-12-09,10YR,4.2
624,2024-12-10,1YR,4.22
625,2024-12-10,5YR,4.09
626,2024-12-10,10YR,4.22
627,2024-12-11,1YR,4.21
628,2024-12-11,5YR,4.13
629,2024-12-11,10YR,4.26
630,2024-12-12,1YR,4.22
631,2024-12-12,5YR,4.18
632,2024-12-12,10YR,4.32
633,2024-12-13,1YR,4.24
634,2024-12-13,5YR,4.25
635,2024-12-13,10YR,4.4
636,2024-12-16,1YR,4.24
637,2024-12-16,5YR,4.25
638,2024-12-16,10YR,4.39
639,2024-12-17,1YR,4.25
640,2024-12-17,5YR,4.26
641,2024-12-17,10YR,4.4
642,2024-12-18,1YR,4.3
643,2024-12-18,5YR,4.4
644,2024-12-18,10YR,4.5
645,2024-12-19,1YR,4.28
646,2024-12-19,5YR,4.43
647,2024-12-19,10YR,4.57
648,2024-12-20,1YR,4.27
649,2024-12-20,5YR,4.37
650,2024-12-20,10YR,4.52
651,2024-12-23,1YR,4.26
652,2024-12-23,5YR,4.44
653,2024-12-23,10YR,4.59
654,2024-12-24,1YR,4.24
655,2024-12-24,5YR,4.43
656,2024-12-24,10YR,4.59
657,2024-12-26,1YR,4.23
658,2024-12-26,5YR,4.42
659,2024-12-26,10YR,4.58
660,2024-12-27,1YR,4.2
661,2024-12-27,5YR,4.45
662,2024-12-27,10YR,4.62
663,2024-12-30,1YR,4.17
664,2024-12-30,5YR,4.37
665,2024-12-30,10YR,4.55
666,2024-12-31,1YR,4.16
667,2024-12-31,5YR,4.38
668,2024-12-31,10YR,4.58
669,2025-01-02,1YR,4.17
670,2025-01-02,5YR,4.38
671,2025-01-02,10YR,4.57
672,2025-01-03,1YR,4.18
673,2025-01-03,5YR,4.41
674,2025-01-03,10YR,4.6
675,2025-01-06,1YR,4.17
676,2025-01-06,5YR,4.42
677,2025-01-06,10YR,4.62
678,2025-01-07,1YR,4.19
679,2025-01-07,5YR,4.46
680,2025-01-07,10YR,4.67
681,2025-01-08,1YR,4.19
682,2025-01-08,5YR,4.45
683,2025-01-08,10YR,4.67
684,2025-01-09,1YR,4.16
685,2025-01-09,5YR,4.46
686,2025-01-09,10YR,4.68
687,2025-01-10,1YR,4.25
688,2025-01-10,5YR,4.59
689,2025-01-10,10YR,4.77
690,2025-01-13,1YR,4.24
691,2025-01-13,5YR,4.61
692,2025-01-13,10YR,4.79
693,2025-01-14,1YR,4.22
694,2025-01-14,5YR,4.59
695,2025-01-14,10YR,4.78
696,2025-01-15,1YR,4.19
697,2025-01-15,5YR,4.45
698,2025-01-15,10YR,4.66
699,2025-01-16,1YR,4.18
700,2025-01-16,5YR,4.39
701,2025-01-16,10YR,4.61
702,2025-01-17,1YR,4.21
703,2025-01-17,5YR,4.42
704,2025-01-17,10YR,4.61
705,2025-01-21,1YR,4.21
706,2025-01-21,5YR,4.4
707,2025-01-21,10YR,4.57
708,2025-01-22,1YR,4.2
709,2025-01-22,5YR,4.43
710,2025-01-22,10YR,4.6
711,2025-01-23,1YR,4.18
712,2025-01-23,5YR,4.45
713,2025-01-23,10YR,4.65
714,2025-01-24,1YR,4.17
715,2025-01-24,5YR,4.43
716,2025-01-24,10YR,4.63
717,2025-01-27,1YR,4.13
718,2025-01-27,5YR,4.32
719,2025-01-27,10YR,4.53
720,2025-01-28,1YR,4.14
721,2025-01-28,5YR,4.33
722,2025-01-28,10YR,4.55
723,2025-01-29,1YR,4.17
724,2025-01-29,5YR,4.35
725,2025-01-29,10YR,4.55
726,2025-01-30,1YR,4.16
727,2025-01-30,5YR,4.31
728,2025-01-30,10YR,4.52
729,2025-01-31,1YR,4.17
730,2025-01-31,5YR,4.36
731,2025-01-31,10YR,4.58
732,2025-02-03,1YR,4.2
733,2025-02-03,5YR,4.35
734,2025-02-03,10YR,4.54
735,2025-02-04,1YR,4.18
736,2025-02-04,5YR,4.31
737,2025-02-04,10YR,4.52
738,2025-02-05,1YR,4.17
739,2025-02-05,5YR,4.24
740,2025-02-05,10YR,4.43
741,2025-02-06,1YR,4.19
742,2025-02-06,5YR,4.28
743,2025-02-06,10YR,4.45
744,2025-02-07,1YR,4.25
745,2025-02-07,5YR,4.34
746,2025-02-07,10YR,4.49
747,2025-02-10,1YR,4.24
748,2025-02-10,5YR,4.34
749,2025-02-10,10YR,4.51
750,2025-02-11,1YR,4.25
751,2025-02-11,5YR,4.37
752,2025-02-11,10YR,4.54
753,2025-02-12,1YR,4.3
754,2025-02-12,5YR,4.48
755,2025-02-12,10YR,4.62
756,2025-02-13,1YR,4.27
757,2025-02-13,5YR,4.39
758,2025-02-13,10YR,4.52
759,2025-02-14,1YR,4.23
760,2025-02-14,5YR,4.33
761,2025-02-14,10YR,4.47
762,2025-02-18,1YR,4.24
763,2025-02-18,5YR,4.4
764,2025-02-18,10YR,4.55
765,2025-02-19,1YR,4.22
766,2025-02-19,5YR,4.37
767,2025-02-19,10YR,4.53
768,2025-02-20,1YR,4.2
769,2025-02-20,5YR,4.34
770,2025-02-20,10YR,4.5
771,2025-02-21,1YR,4.15
772,2025-02-21,5YR,4.26
773,2025-02-21,10YR,4.42
774,2025-02-24,1YR,4.15
775,2025-02-24,5YR,4.23
776,2025-02-24,10YR,4.4
777,2025-02-25,1YR,4.12
778,2025-02-25,5YR,4.12
779,2025-02-25,10YR,4.3
780,2025-02-26,1YR,4.12
781,2025-02-26,5YR,4.06
782,2025-02-26,10YR,4.25
783,2025-02-27,1YR,4.13
784,2025-02-27,5YR,4.09
785,2025-02-27,10YR,4.29
786,2025-02-28,1YR,4.08
787,2025-02-28,5YR,4.03
788,2025-02-28,10YR,4.24
789,2025-03-03,1YR,4.06
790,2025-03-03,5YR,3.97
791,2025-03-03,10YR,4.16
792,2025-03-04,1YR,4.04
793,2025-03-04,5YR,4.01
794,2025-03-04,10YR,4.22
795,2025-03-05,1YR,4.06
796,2025-03-05,5YR,4.08
797,2025-03-05,10YR,4.28
798,2025-03-06,1YR,4.02
799,2025-03-06,5YR,4.06
800,2025-03-06,10YR,4.29
801,2025-03-07,1YR,4.05
802,2025-03-07,5YR,4.09
803,2025-03-07,10YR,4.32
804,2025-03-10,1YR,3.98
805,2025-03-10,5YR,3.98
806,2025-03-10,10YR,4.22
807,2025-03-11,1YR,4.03
808,2025-03-11,5YR,4.03
809,2025-03-11,10YR,4.28
810,2025-03-12,1YR,4.07
811,2025-03-12,5YR,4.09
812,2025-03-12,10YR,4.32
813,2025-03-13,1YR,4.03
814,2025-03-13,5YR,4.02
815,2025-03-13,10YR,4.27
816,2025-03-14,1YR,4.09
817,2025-03-14,5YR,4.09
818,2025-03-14,10YR,4.31
819,2025-03-17,1YR,4.11
820,2025-03-17,5YR,4.11
821,2025-03-17,10YR,4.31
822,2025-03-18,1YR,4.13
823,2025-03-18,5YR,4.07
824,2025-03-18,10YR,4.29
825,2025-03-19,1YR,4.1
826,2025-03-19,5YR,4.03
827,2025-03-19,10YR,4.25
828,2025-03-20,1YR,4.06
829,2025-03-20,5YR,4.01
830,2025-03-20,10YR,4.24
831,2025-03-21,1YR,4.04
832,2025-03-21,5YR,4.0
833,2025-03-21,10YR,4.25
834,2025-03-24,1YR,4.11
835,2025-03-24,5YR,4.09
836,2025-03-24,10YR,4.34
837,2025-03-25,1YR,4.09
838,2025-03-25,5YR,4.07
839,2025-03-25,10YR,4.31
840,2025-03-26,1YR,4.1
841,2025-03-26,5YR,4.08
842,2025-03-26,10YR,4.35
843,2025-03-27,1YR,4.1
844,2025-03-27,5YR,4.09
845,2025-03-27,10YR,4.38
846,2025-03-28,1YR,4.04
847,2025-03-28,5YR,3.98
848,2025-03-28,10YR,4.27
849,2025-03-31,1YR,4.03
850,2025-03-31,5YR,3.96
851,2025-03-31,10YR,4.23
852,2025-04-01,1YR,4.01
853,2025-04-01,5YR,3.91
854,2025-04-01,10YR,4.17
855,2025-04-02,1YR,4.04
856,2025-04-02,5YR,3.95
857,2025-04-02,10YR,4.2
858,2025-04-03,1YR,3.92
859,2025-04-03,5YR,3.75
860,2025-04-03,10YR,4.06
861,2025-04-04,1YR,3.86
862,2025-04-04,5YR,3.72
863,2025-04-04,10YR,4.01
864,2025-04-07,1YR,3.86
865,2025-04-07,5YR,3.82
866,2025-04-07,10YR,4.15
867,2025-04-08,1YR,3.83
868,2025-04-08,5YR,3.88
869,2025-04-08,10YR,4.26
870,2025-04-09,1YR,4.03
871,2025-04-09,5YR,4.06
872,2025-04-09,10YR,4.34
873,2025-04-10,1YR,3.97
874,2025-04-10,5YR,4.04
875,2025-04-10,10YR,4.4
876,2025-04-11,1YR,4.04
877,2025-04-11,5YR,4.15
878,2025-04-11,10YR,4.48
879,2025-04-14,1YR,3.99
880,2025-04-14,5YR,4.02
881,2025-04-14,10YR,4.38
882,2025-04-15,1YR,3.99
883,2025-04-15,5YR,3.98
884,2025-04-15,10YR,4.35
885,2025-04-16,1YR,3.96
886,2025-04-16,5YR,3.91
887,2025-04-16,10YR,4.29
888,2025-04-17,1YR,3.99
889,2025-04-17,5YR,3.95
890,2025-04-17,10YR,4.34
891,2025-04-21,1YR,3.95
892,2025-04-21,5YR,3.97
893,2025-04-21,10YR,4.42
894,2025-04-22,1YR,3.98
895,2025-04-22,5YR,3.98
896,2025-04-22,10YR,4.41
897,2025-04-23,1YR,4.01
898,2025-04-23,5YR,4.0
899,2025-04-23,10YR,4.4
900,2025-04-24,1YR,3.97
901,2025-04-24,5YR,3.91
902,2025-04-24,10YR,4.32
903,2025-04-25,1YR,3.95
904,2025-04-25,5YR,3.88
905,2025-04-25,10YR,4.29
906,2025-04-28,1YR,3.92
907,2025-04-28,5YR,3.81
908,2025-04-28,10YR,4.23
909,2025-04-29,1YR,3.89
910,2025-04-29,5YR,3.77
911,2025-04-29,10YR,4.19
912,2025-04-30,1YR,3.85
913,2025-04-30,5YR,3.72
914,2025-04-30,10YR,4.17
915,2025-05-01,1YR,3.92
916,2025-05-01,5YR,3.81
917,2025-05-01,10YR,4.25
918,2025-05-02,1YR,4.0
919,2025-05-02,5YR,3.92
920,2025-05-02,10YR,4.33
921,2025-05-05,1YR,4.02
922,2025-05-05,5YR,3.95
923,2025-05-05,10YR,4.36
924,2025-05-06,1YR,3.98
925,2025-05-06,5YR,3.9
926,2025-05-06,10YR,4.3
927,2025-05-07,1YR,4.0
928,2025-05-07,5YR,3.87
929,2025-05-07,10YR,4.26
930,2025-05-08,1YR,4.05
931,2025-05-08,5YR,4.0
932,2025-05-08,10YR,4.37
933,2025-05-09,1YR,4.05
934,2025-05-09,5YR,4.0
935,2025-05-09,10YR,4.37
936,2025-05-12,1YR,4.11
937,2025-05-12,5YR,4.09
938,2025-05-12,10YR,4.45
939,2025-05-13,1YR,4.11
940,2025-05-13,5YR,4.12
941,2025-05-13,10YR,4.49
942,2025-05-14,1YR,4.14
943,2025-05-14,5YR,4.17
944,2025-05-14,10YR,4.53
945,2025-05-15,1YR,4.1
946,2025-05-15,5YR,4.07
947,2025-05-15,10YR,4.45
948,2025-05-16,1YR,4.13
949,2025-05-16,5YR,4.06
950,2025-05-16,10YR,4.43
951,2025-05-19,1YR,4.12
952,2025-05-19,5YR,4.07
953,2025-05-19,10YR,4.46
954,2025-05-20,1YR,4.12
955,2025-05-20,5YR,4.07
956,2025-05-20,10YR,4.48
957,2025-05-21,1YR,4.13
958,2025-05-21,5YR,4.15
959,2025-05-21,10YR,4.58
960,2025-05-22,1YR,4.13
961,2025-05-22,5YR,4.11
962,2025-05-22,10YR,4.54
963,2025-05-23,1YR,4.15
964,2025-05-23,5YR,4.08
965,2025-05-23,10YR,4.51
966,2025-05-27,1YR,4.14
967,2025-05-27,5YR,4.04
968,2025-05-27,10YR,4.43
969,2025-05-28,1YR,4.16
970,2025-05-28,5YR,4.05
971,2025-05-28,10YR,4.47
972,2025-05-29,1YR,4.13
973,2025-05-29,5YR,4.0
974,2025-05-29,10YR,4.43
975,2025-05-30,1YR,4.11
976,2025-05-30,5YR,3.96
977,2025-05-30,10YR,4.41
978,2025-06-02,1YR,4.12
979,2025-06-02,5YR,4.01
980,2025-06-02,10YR,4.46
981,2025-06-03,1YR,4.12
982,2025-06-03,5YR,4.04
983,2025-06-03,10YR,4.46
984,2025-06-04,1YR,4.06
985,2025-06-04,5YR,3.93
986,2025-06-04,10YR,4.37
987,2025-06-05,1YR,4.08
988,2025-06-05,5YR,3.99
989,2025-06-05,10YR,4.4
990,2025-06-06,1YR,4.14
991,2025-06-06,5YR,4.13
992,2025-06-06,10YR,4.51
993,2025-06-09,1YR,4.13
994,2025-06-09,5YR,4.09
995,2025-06-09,10YR,4.49
996,2025-06-10,1YR,4.12
997,2025-06-10,5YR,4.08
998,2025-06-10,10YR,4.47
999,2025-06-11,1YR,4.08
1000,2025-06-11,5YR,4.02
1001,2025-06-11,10YR,4.41
1002,2025-06-12,1YR,4.06
1003,2025-06-12,5YR,3.97
1004,2025-06-12,10YR,4.36
1005,2025-06-13,1YR,4.09
1006,2025-06-13,5YR,4.02
1007,2025-06-13,10YR,4.41
1008,2025-06-16,1YR,4.1
1009,2025-06-16,5YR,4.04
1010,2025-06-16,10YR,4.46
1011,2025-06-17,1YR,4.1
1012,2025-06-17,5YR,3.99
1013,2025-06-17,10YR,4.39
1014,2025-06-18,1YR,4.1
1015,2025-06-18,5YR,3.98
1016,2025-06-18,10YR,4.38
1017,2025-06-20,1YR,4.07
1018,2025-06-20,5YR,3.96
1019,2025-06-20,10YR,4.38
1020,2025-06-23,1YR,4.0
1021,2025-06-23,5YR,3.91
1022,2025-06-23,10YR,4.34
1023,2025-06-24,1YR,3.99
1024,2025-06-24,5YR,3.86
1025,2025-06-24,10YR,4.3
1026,2025-06-25,1YR,3.99
1027,2025-06-25,5YR,3.83
1028,2025-06-25,10YR,4.29
1029,2025-06-26,1YR,3.96
1030,2025-06-26,5YR,3.79
1031,2025-06-26,10YR,4.26
1032,2025-06-27,1YR,3.97
1033,2025-06-27,5YR,3.83
1034,2025-06-27,10YR,4.29
1035,2025-06-30,1YR,3.96
1036,2025-06-30,5YR,3.79
1037,2025-06-30,10YR,4.24
1038,2025-07-01,1YR,3.98
1039,2025-07-01,5YR,3.84
1040,2025-07-01,10YR,4.26
1041,2025-07-02,1YR,3.99
1042,2025-07-02,5YR,3.87
1043,2025-07-02,10YR,4.3
1044,2025-07-03,1YR,4.07
1045,2025-07-03,5YR,3.94
1046,2025-07-03,10YR,4.35
1047,2025-07-07,1YR,4.08
1048,2025-07-07,5YR,3.96
1049,2025-07-07,10YR,4.4
1050,2025-07-08,1YR,4.11
1051,2025-07-08,5YR,3.99
1052,2025-07-08,10YR,4.42
1053,2025-07-09,1YR,4.07
1054,2025-07-09,5YR,3.92
1055,2025-07-09,10YR,4.34
1056,2025-07-10,1YR,4.07
1057,2025-07-10,5YR,3.93
1058,2025-07-10,10YR,4.35
1059,2025-07-11,1YR,4.09
1060,2025-07-11,5YR,3.99
1061,2025-07-11,10YR,4.43
1062,2025-07-14,1YR,4.08
1063,2025-07-14,5YR,3.98
1064,2025-07-14,10YR,4.43
1065,2025-07-15,1YR,4.12
1066,2025-07-15,5YR,4.05
1067,2025-07-15,10YR,4.5
1068,2025-07-16,1YR,4.08
1069,2025-07-16,5YR,3.99
1070,2025-07-16,10YR,4.46
1071,2025-07-17,1YR,4.1
1072,2025-07-17,5YR,4.01
1073,2025-07-17,10YR,4.47
1074,2025-07-18,1YR,4.08
1075,2025-07-18,5YR,3.96
1076,2025-07-18,10YR,4.44
1077,2025-07-21,1YR,4.06
1078,2025-07-21,5YR,3.91
1079,2025-07-21,10YR,4.38
1080,2025-07-22,1YR,4.05
1081,2025-07-22,5YR,3.88
1082,2025-07-22,10YR,4.35
1083,2025-07-23,1YR,4.08
1084,2025-07-23,5YR,3.94
1085,2025-07-23,10YR,4.4
1086,2025-07-24,1YR,4.1
1087,2025-07-24,5YR,3.98
1088,2025-07-24,10YR,4.43
1089,2025-07-25,1YR,4.09
1090,2025-07-25,5YR,3.95
1091,2025-07-25,10YR,4.4
1092,2025-07-28,1YR,4.09
1093,2025-07-28,5YR,3.96
1094,2025-07-28,10YR,4.42
1095,2025-07-29,1YR,4.07
1096,2025-07-29,5YR,3.9
1097,2025-07-29,10YR,4.34
1098,2025-07-30,1YR,4.12
1099,2025-07-30,5YR,3.96
1100,2025-07-30,10YR,4.38
1101,2025-07-31,1YR,4.1
1102,2025-07-31,5YR,3.96
1103,2025-07-31,10YR,4.37
1104,2025-08-01,1YR,3.87
1105,2025-08-01,5YR,3.77
1106,2025-08-01,10YR,4.23
1107,2025-08-04,1YR,3.82
1108,2025-08-04,5YR,3.75
1109,2025-08-04,10YR,4.22
1110,2025-08-05,1YR,3.92
1111,2025-08-05,5YR,3.77
1112,2025-08-05,10YR,4.22
1113,2025-08-06,1YR,3.9
1114,2025-08-06,5YR,3.77
1115,2025-08-06,10YR,4.22
1116,2025-08-07,1YR,3.92
1117,2025-08-07,5YR,3.79
1118,2025-08-07,10YR,4.23
1119,2025-08-08,1YR,3.93
1120,2025-08-08,5YR,3.84
1121,2025-08-08,10YR,4.27
1122,2025-08-11,1YR,3.93
1123,2025-08-11,5YR,3.83
1124,2025-08-11,10YR,4.27
1125,2025-08-12,1YR,3.9
1126,2025-08-12,5YR,3.83
1127,2025-08-12,10YR,4.29
1128,2025-08-13,1YR,3.86
1129,2025-08-13,5YR,3.77
1130,2025-08-13,10YR,4.24
1131,2025-08-14,1YR,3.91
1132,2025-08-14,5YR,3.82
1133,2025-08-14,10YR,4.29
1134,2025-08-15,1YR,3.93
1135,2025-08-15,5YR,3.85
1136,2025-08-15,10YR,4.33
1137,2025-08-18,1YR,3.93
1138,2025-08-18,5YR,3.86
1139,2025-08-18,10YR,4.34
1140,2025-08-19,1YR,3.91
1141,2025-08-19,5YR,3.82
1142,2025-08-19,10YR,4.3
1143,2025-08-20,1YR,3.9
1144,2025-08-20,5YR,3.81
1145,2025-08-20,10YR,4.29
1146,2025-08-21,1YR,3.95
1147,2025-08-21,5YR,3.86
1148,2025-08-21,10YR,4.33
1149,2025-08-22,1YR,3.87
1150,2025-08-22,5YR,3.76
1151,2025-08-22,10YR,4.26
1152,2025-08-25,1YR,3.88
1153,2025-08-25,5YR,3.8
1154,2025-08-25,10YR,4.28
1155,2025-08-26,1YR,3.85
1156,2025-08-26,5YR,3.75
1157,2025-08-26,10YR,4.26
1158,2025-08-27,1YR,3.83
1159,2025-08-27,5YR,3.69
1160,2025-08-27,10YR,4.24
1161,2025-08-28,1YR,3.85
1162,2025-08-28,5YR,3.69
1163,2025-08-28,10YR,4.22
1164,2025-08-29,1YR,3.83
1165,2025-08-29,5YR,3.68
1166,2025-08-29,10YR,4.23
1167,2025-09-02,1YR,3.82
1168,2025-09-02,5YR,3.74
1169,2025-09-02,10YR,4.28
1170,2025-09-03,1YR,3.77
1171,2025-09-03,5YR,3.69
1172,2025-09-03,10YR,4.22
1173,2025-09-04,1YR,3.76
1174,2025-09-04,5YR,3.65
1175,2025-09-04,10YR,4.17
1176,2025-09-05,1YR,3.65
1177,2025-09-05,5YR,3.59
1178,2025-09-05,10YR,4.1
1179,2025-09-08,1YR,3.64
1180,2025-09-08,5YR,3.57
1181,2025-09-08,10YR,4.05
1182,2025-09-09,1YR,3.68
1183,2025-09-09,5YR,3.61
1184,2025-09-09,10YR,4.08
1185,2025-09-10,1YR,3.66
1186,2025-09-10,5YR,3.59
1187,2025-09-10,10YR,4.04
1188,2025-09-11,1YR,3.63
1189,2025-09-11,5YR,3.59
1190,2025-09-11,10YR,4.01
1191,2025-09-12,1YR,3.66
1192,2025-09-12,5YR,3.63
1193,2025-09-12,10YR,4.06
1194,2025-09-15,1YR,3.64
1195,2025-09-15,5YR,3.61
1196,2025-09-15,10YR,4.05
1197,2025-09-16,1YR,3.62
1198,2025-09-16,5YR,3.59
1199,2025-09-16,10YR,4.04
1200,2025-09-17,1YR,3.6
1201,2025-09-17,5YR,3.62
1202,2025-09-17,10YR,4.06
1203,2025-09-18,1YR,3.61
1204,2025-09-18,5YR,3.67
1205,2025-09-18,10YR,4.11
1206,2025-09-19,1YR,3.6
1207,2025-09-19,5YR,3.68
1208,2025-09-19,10YR,4.14
1209,2025-09-22,1YR,3.61
1210,2025-09-22,5YR,3.71
1211,2025-09-22,10YR,4.15
1212,2025-09-23,1YR,3.61
1213,2025-09-23,5YR,3.68
1214,2025-09-23,10YR,4.12
1215,2025-09-24,1YR,3.63
1216,2025-09-24,5YR,3.7
1217,2025-09-24,10YR,4.16
1218,2025-09-25,1YR,3.68
1219,2025-09-25,5YR,3.75
1220,2025-09-25,10YR,4.18
1221,2025-09-26,1YR,3.67
1222,2025-09-26,5YR,3.76
1223,2025-09-26,10YR,4.2
1224,2025-09-29,1YR,3.65
1225,2025-09-29,5YR,3.74
1226,2025-09-29,10YR,4.15
1227,2025-09-30,1YR,3.68
1228,2025-09-30,5YR,3.74
1229,2025-09-30,10YR,4.16
1230,2025-10-01,1YR,3.62
1231,2025-10-01,5YR,3.68
1232,2025-10-01,10YR,4.12
1233,2025-10-02,1YR,3.62
1234,2025-10-02,5YR,3.67
1235,2025-10-02,10YR,4.1
1236,2025-10-03,1YR,3.64
1237,2025-10-03,5YR,3.72
1238,2025-10-03,10YR,4.13
1239,2025-10-06,1YR,3.66
1240,2025-10-06,5YR,3.75
1241,2025-10-06,10YR,4.18
1242,2025-10-07,1YR,3.65
1243,2025-10-07,5YR,3.71
1244,2025-10-07,10YR,4.14
1245,2025-10-08,1YR,3.66
1246,2025-10-08,5YR,3.72
1247,2025-10-08,10YR,4.13
1248,2025-10-09,1YR,3.66
1249,2025-10-09,5YR,3.74
1250,2025-10-09,10YR,4.14
1251,2025-10-10,1YR,3.6
1252,2025-10-10,5YR,3.65
1253,2025-10-10,10YR,4.05
1254,2025-10-14,1YR,3.58
1255,2025-10-14,5YR,3.6
1256,2025-10-14,10YR,4.03
1257,2025-10-15,1YR,3.61
1258,2025-10-15,5YR,3.63
1259,2025-10-15,10YR,4.05
1260,2025-10-16,1YR,3.54
1261,2025-10-16,5YR,3.55
1262,2025-10-16,10YR,3.99
1263,2025-10-17,1YR,3.56
1264,2025-10-17,5YR,3.59
1265,2025-10-17,10YR,4.02
1266,2025-10-20,1YR,3.55
1267,2025-10-20,5YR,3.58
1268,2025-10-20,10YR,4.0
1269,2025-10-21,1YR,3.56
1270,2025-10-21,5YR,3.56
1271,2025-10-21,10YR,3.98
1272,2025-10-22,1YR,3.55
1273,2025-10-22,5YR,3.56
1274,2025-10-22,10YR,3.97
1275,2025-10-23,1YR,3.59
1276,2025-10-23,5YR,3.61
1277,2025-10-23,10YR,4.01
1278,2025-10-24,1YR,3.58
1279,2025-10-24,5YR,3.61
1280,2025-10-24,10YR,4.02
1281,2025-10-27,1YR,3.59
1282,2025-10-27,5YR,3.61
1283,2025-10-27,10YR,4.01
1284,2025-10-28,1YR,3.59
1285,2025-10-28,5YR,3.6
1286,2025-10-28,10YR,3.99
1287,2025-10-29,1YR,3.7
1288,2025-10-29,5YR,3.7
1289,2025-10-29,10YR,4.08
1290,2025-10-30,1YR,3.7
1291,2025-10-30,5YR,3.72
1292,2025-10-30,10YR,4.11
1293,2025-10-31,1YR,3.7
1294,2025-10-31,5YR,3.71
1295,2025-10-31,10YR,4.11
1296,2025-11-03,1YR,3.7
1297,2025-11-03,5YR,3.72
1298,2025-11-03,10YR,4.13
1299,2025-11-04,1YR,3.67
1300,2025-11-04,5YR,3.69
1301,2025-11-04,10YR,4.1
1302,2025-11-05,1YR,3.71
1303,2025-11-05,5YR,3.76
1304,2025-11-05,10YR,4.17
1305,2025-11-06,1YR,3.65
1306,2025-11-06,5YR,3.69
1307,2025-11-06,10YR,4.11
1308,2025-11-07,1YR,3.63
1309,2025-11-07,5YR,3.67
1310,2025-11-07,10YR,4.11
1311,2025-11-10,1YR,3.66
1312,2025-11-10,5YR,3.72
1313,2025-11-10,10YR,4.13
1314,2025-11-12,1YR,3.65
1315,2025-11-12,5YR,3.68
1316,2025-11-12,10YR,4.08
1317,2025-11-13,1YR,3.68
1318,2025-11-13,5YR,3.71
1319,2025-11-13,10YR,4.11
1320,2025-11-14,1YR,3.7
1321,2025-11-14,5YR,3.74
1322,2025-11-14,10YR,4.14
1323,2025-11-17,1YR,3.69
1324,2025-11-17,5YR,3.72
1325,2025-11-17,10YR,4.13
1326,2025-11-18,1YR,3.67
1327,2025-11-18,5YR,3.7
1328,2025-11-18,10YR,4.12
1329,2025-11-19,1YR,3.68
1330,2025-11-19,5YR,3.71
1331,2025-11-19,10YR,4.13
1332,2025-11-20,1YR,3.65
1333,2025-11-20,5YR,3.68
1334,2025-11-20,10YR,4.1
1335,2025-11-21,1YR,3.62
1336,2025-11-21,5YR,3.62
1337,2025-11-21,10YR,4.06
1338,2025-11-24,1YR,3.61
1339,2025-11-24,5YR,3.61
1340,2025-11-24,10YR,4.04
1341,2025-11-25,1YR,3.6
1342,2025-11-25,5YR,3.55
1343,2025-11-25,10YR,4.01
1344,2025-11-26,1YR,3.61
1345,2025-11-26,5YR,3.56
1346,2025-11-26,10YR,4.0
1347,2025-11-28,1YR,3.61
1348,2025-11-28,5YR,3.59
1349,2025-11-28,10YR,4.02
1350,2025-12-01,1YR,3.62
1351,2025-12-01,5YR,3.67
1352,2025-12-01,10YR,4.09
1353,2025-12-02,1YR,3.59
1354,2025-12-02,5YR,3.66
1355,2025-12-02,10YR,4.09
1356,2025-12-03,1YR,3.57
1357,2025-12-03,5YR,3.62
1358,2025-12-03,10YR,4.06
1359,2025-12-04,1YR,3.6
1360,2025-12-04,5YR,3.68
1361,2025-12-04,10YR,4.11
1362,2025-12-05,1YR,3.61
1363,2025-12-05,5YR,3.72
1364,2025-12-05,10YR,4.14
1365,2025-12-08,1YR,3.61
1366,2025-12-08,5YR,3.75
1367,2025-12-08,10YR,4.17
1368,2025-12-09,1YR,3.63
1369,2025-12-09,5YR,3.78
1370,2025-12-09,10YR,4.18
1371,2025-12-10,1YR,3.58
1372,2025-12-10,5YR,3.72
1373,2025-12-10,10YR,4.13
1374,2025-12-11,1YR,3.56
1375,2025-12-11,5YR,3.72
1376,2025-12-11,10YR,4.14
1377,2025-12-12,1YR,3.54
1378,2025-12-12,5YR,3.75
1379,2025-12-12,10YR,4.19
1380,2025-12-15,1YR,3.52
1381,2025-12-15,5YR,3.73
1382,2025-12-15,10YR,4.18
1383,2025-12-16,1YR,3.51
1384,2025-12-16,5YR,3.69
1385,2025-12-16,10YR,4.15
1386,2025-12-17,1YR,3.51
1387,2025-12-17,5YR,3.7
1388,2025-12-17,10YR,4.16
1389,2025-12-18,1YR,3.49
1390,2025-12-18,5YR,3.66
1391,2025-12-18,10YR,4.12
1392,2025-12-19,1YR,3.51
1393,2025-12-19,5YR,3.7
1394,2025-12-19,10YR,4.16
1395,2025-12-22,1YR,3.53
1396,2025-12-22,5YR,3.71
1397,2025-12-22,10YR,4.17
1398,2025-12-23,1YR,3.52
1399,2025-12-23,5YR,3.72
1400,2025-12-23,10YR,4.18
1401,2025-12-24,1YR,3.5
1402,2025-12-24,5YR,3.7
1403,2025-12-24,10YR,4.15
1404,2025-12-26,1YR,3.49
1405,2025-12-26,5YR,3.68
1406,2025-12-26,10YR,4.14
1407,2025-12-29,1YR,3.48
1408,2025-12-29,5YR,3.67
1409,2025-12-29,10YR,4.12
1410,2025-12-30,1YR,3.47
1411,2025-12-30,5YR,3.68
1412,2025-12-30,10YR,4.14
1413,2025-12-31,1YR,3.48
1414,2025-12-31,5YR,3.73
1415,2025-12-31,10YR,4.18
1416,2026-01-02,1YR,3.47
1417,2026-01-02,5YR,3.74
1418,2026-01-02,10YR,4.19
1419,2026-01-05,1YR,3.47
1420,2026-01-05,5YR,3.71
1421,2026-01-05,10YR,4.17
1422,2026-01-06,1YR,3.48
1423,2026-01-06,5YR,3.72
1424,2026-01-06,10YR,4.18
1425,2026-01-07,1YR,3.48
1426,2026-01-07,5YR,3.7
1427,2026-01-07,10YR,4.15
1428,2026-01-08,1YR,3.48
1429,2026-01-08,5YR,3.74
1430,2026-01-08,10YR,4.19
1431,2026-01-09,1YR,3.52
1432,2026-01-09,5YR,3.75
1433,2026-01-09,10YR,4.18
1434,2026-01-12,1YR,3.53
1435,2026-01-12,5YR,3.77
1436,2026-01-12,10YR,4.19
1437,2026-01-13,1YR,3.51
1438,2026-01-13,5YR,3.75
1439,2026-01-13,10YR,4.18
1440,2026-01-14,1YR,3.5
1441,2026-01-14,5YR,3.72
1442,2026-01-14,10YR,4.15
1443,2026-01-15,1YR,3.54
1444,2026-01-15,5YR,3.77
1445,2026-01-15,10YR,4.17
1446,2026-01-16,1YR,3.55
1447,2026-01-16,5YR,3.82
1448,2026-01-16,10YR,4.24
1449,2026-01-20,1YR,3.53
1450,2026-01-20,5YR,3.86
1451,2026-01-20,10YR,4.3
1452,2026-01-21,1YR,3.53
1453,2026-01-21,5YR,3.83
1454,2026-01-21,10YR,4.26
1455,2026-01-22,1YR,3.53
1456,2026-01-22,5YR,3.85
1457,2026-01-22,10YR,4.26
1458,2026-01-23,1YR,3.53
1459,2026-01-23,5YR,3.84
1460,2026-01-23,10YR,4.24
1461,2026-01-26,1YR,3.52
1462,2026-01-26,5YR,3.82
1463,2026-01-26,10YR,4.22
1464,2026-01-27,1YR,3.5
1465,2026-01-27,5YR,3.81
1466,2026-01-27,10YR,4.24
